out_transport,flux_sum_coco_1,flux_sum_coco_2,flux_sum_coco_3,flux_sum_coco_4,flux_sum_coco_5
MNXM1[e],3450664.17833605,2121398.60246099,2424682.23262745,1831136.50814856,2246799.84668683
MNXM1043[e],0,0,0,0,0
MNXM107[e],7124.56664874206,9870.8511032743,10719.7365546292,32680.6799169013,84890.60930853
MNXM107505[e],3003.18798558253,2024.54381228014,2011.63924666528,2709.33255092459,4390.96153966696
MNXM108[e],1312.72396055673,785.763537003012,780.748694448815,2468.76511199917,5357.64483681494
MNXM1091756[e],0,0,0,0,0
MNXM1091995[e],0,0,0,0,0
MNXM1092518[e],0,0,0,0,0
MNXM1092536[e],0,0,0,0,0
MNXM1092537[e],0,0,0,0,0
MNXM1092538[e],0,0,0,0,0
MNXM1092539[e],0,0,0,0,0
MNXM1092540[e],0,0,0,0,0
MNXM1092541[e],0,0,0,0,0
MNXM1092542[e],0,0,0,0,0
MNXM1092543[e],0,0,0,0,0
MNXM1092544[e],0,0,0,0,0
MNXM1092973[e],1000,2000.00230368658,2001.12570758248,2000.00073170618,2000.31648651267
MNXM1093058[e],0,0,0,0,0
MNXM1093059[e],0,0,0,0,0
MNXM1093060[e],0,0,0,0,0
MNXM1093061[e],0,0,0,0,0
MNXM1093062[e],0,0,0,0,0
MNXM1093063[e],0,0,0,0,0
MNXM1093067[e],0,0,0,0,0
MNXM1093068[e],0,0,0,0,0
MNXM1093069[e],0,0,0,0,0
MNXM1093070[e],0,0,0,0,0
MNXM1093071[e],0,0,0,0,0
MNXM1093180[e],0,0,0,0,0
MNXM1093181[e],0,0,0,0,0
MNXM1093203[e],0,0,0,0,0
MNXM1093272[e],0,0,0,0,0
MNXM1093318[e],0,0,0,0,0
MNXM1093344[e],0,0,0,0,0
MNXM1093929[e],105.76423630183,1061.12907441982,1120.7511039672,1041.65660786807,2031.12007589331
MNXM1093966[e],0,0,0,0,0
MNXM1093967[e],0,0,0,0,0
MNXM1093968[e],0,0,0,0,0
MNXM1093969[e],0,0,0,0,0
MNXM1093970[e],0,0,0,0,0
MNXM1093971[e],0,0,0,0,0
MNXM1094047[e],0,0,0,0,0
MNXM1094052[e],18949.3692692914,4688.62382439987,4232.55478960931,5357.29568748819,3077.56975954306
MNXM1094072[e],0,0,0,0,0
MNXM1094078[e],1000.50601371918,2000.00459639731,2002.26952256551,2000.00146688464,2000.77819178637
MNXM1094117[e],0,0,0,0,0
MNXM1094288[e],0,0,0,3000,0
MNXM1094289[e],1474.05941711355,1127.80672680635,1137.82842381356,1104.0623769733,586.565015809444
MNXM1094294[e],0,0,0,0,0
MNXM1094296[e],0,0,0,0,0
MNXM1094332[e],0,0,0,0,0
MNXM1094430[e],0,0,0,0,0
MNXM11[e],1119.21687997579,985.929741464419,1084.19514265957,1328.57878216693,542.688171658589
MNXM1101175[e],0,0,0,0,0
MNXM1101253[e],0,0,0,0,0
MNXM1102072[e],5277.23148561318,6856.33567716015,5896.66823475769,8331.59831687883,7646.21137502076
MNXM1102523[e],2.35772202061236e-20,3.26920510199965e-20,5.74310851646027e-16,1.23060585751358e-20,1.39525594241246e-20
MNXM1103104[e],1846.18202611656,1868.59429390888,2550.88575405906,14959.7024325935,1688.68902362
MNXM1103400[e],84967.7489013899,62062.0785648762,8960.75807967867,17712.5580287023,3546.37621686941
MNXM1103769[e],56881.3846189894,5846.4998303592,5016.86116660556,34618.2261811389,6444.65403528519
MNXM1103964[e],1208.44044648345,1806.45753499887,939.206930330459,214.366504663568,580.685485953956
MNXM1104039[e],0,0,0,0,0
MNXM1104130[e],0,0,0,0,0
MNXM1104180[e],84.169880540645,518.74210824963,374.121131925932,1838.2442878563,54.8627645653213
MNXM1104207[e],81995.1430814326,74766.4934071423,76238.5917208802,24484.1687460954,8179.83186499606
MNXM1104432[e],66389.1250266191,3567.69815601955,3578.4199357829,2383.33975824498,2715.79462759727
MNXM1104434[e],1910.24221266231,7331.5127822467,3883.00730550973,3049.76151363279,1537.99964068976
MNXM1104527[e],0,0,0,0,0
MNXM1104551[e],0,0,0,0,0
MNXM1104590[e],2144.28745993703,837.576464091177,72126.9202326272,629.933556124867,1222.35980515366
MNXM1104617[e],0,0,0,0,0
MNXM1104679[e],81.9758237837396,49.8803425698634,82.1041862760563,91.6651787477227,95.4023083825348
MNXM1104756[e],0,0,0,0,0
MNXM1104802[e],0,0,0,0,0
MNXM1104857[e],0,0,0,0,0
MNXM1105027[e],0,0,0,0,0
MNXM1105684[e],0,0,0,0,0
MNXM1105731[e],2380.09251110776,2219.18059094449,2247.76672328754,15988.0176641941,2406.20929157779
MNXM1105732[e],91594.6348333536,6861.25935892826,9337.56420115239,14708.5706628208,79827.8865296586
MNXM1105737[e],2424.69139510551,1236.22534812977,948.385769509789,604.146162245888,1193.50314213774
MNXM1105760[e],52863.232597261,346.755085035452,328.121143151277,411.537206529681,361.753004408013
MNXM1105765[e],0,0,0,0,0
MNXM1105810[e],0,0,0,0,0
MNXM1105842[e],1409.49097883915,1117.02284302288,662.129830381128,1034.88539096295,742.446511382655
MNXM1105881[e],0,0,0,0,0
MNXM1105927[e],0,0,0,0,0
MNXM1105935[e],0,0,0,0,0
MNXM1105936[e],0,0,0,0,0
MNXM1105941[e],174570.419709773,77347.2939435083,86467.2164266315,17255.8136108993,66755.1628469594
MNXM1106000[e],1505.99165550815,1574.22535453698,1555.65099355292,13332.7030969311,80517.2150117516
MNXM1106022[e],120985.298383074,60925.7823517478,73664.3799759634,17766.4898200061,2105.55271358437
MNXM1106044[e],0,0,0,0,0
MNXM1106082[e],103.77287948503,71.9492307239792,89.4375648557083,696.780493536196,5013.69025092554
MNXM1106164[e],32498.089624066,55211.5590473362,73434.8191004055,62679.9879347494,14289.4787389835
MNXM1106181[e],0,5.73944830363767e-21,351.799945485122,0,387.620814996802
MNXM1106761[e],4517.2824309066,65189.901214915,75852.8236761516,26242.9980739364,11818.5445086485
MNXM1106762[e],701.103144009533,660.862171330547,760.999916160178,1852.47694086198,10261.616767437
MNXM1106891[e],805.041205345003,731.130839161304,723.29673293775,518.14010744781,808.662680686961
MNXM1106903[e],0,0,0,0,0
MNXM1107192[e],12169.3203279468,18898.5130516744,20822.1357897958,25721.0152448581,51198.0482630753
MNXM1107418[e],5433.65674580597,41631.1960615967,42811.9488478046,4388.37826881348,4795.78185629673
MNXM1107671[e],40.4889326887746,27.6864684615284,42.8096340865131,56.4984975707455,50.9569551862929
MNXM1107708[e],4411.98821538477,2436.42174265698,2589.20747431318,3894.61965039419,2446.5992120473
MNXM1107753[e],184371.933213488,123980.504223942,113953.457001296,78627.8506614864,82368.9328388427
MNXM1107769[e],131284.277184215,70085.5122440682,72719.2596349788,29593.9879430732,12249.1715952688
MNXM1107801[e],0,0,0,0,0
MNXM1107821[e],4006.40486494597,5432.96911310677,5634.40376483502,20042.1807656926,81702.0767434688
MNXM1107894[e],85.2933770944747,44.8071905528154,43.8246325190105,56.4688166928503,50.0775307365793
MNXM1107900[e],2212.66117476905,2131.89295130638,2157.80591261615,2295.63484875474,3480.74705745463
MNXM1107902[e],2004.53110783248,2000.04474291973,2015.64062939531,2001.1248361879,4020.81808811571
MNXM1107903[e],4652.76063992034,5627.42621717414,6564.26482677017,13358.8410958707,70980.5710138932
MNXM1107906[e],0,0,0,0,0
MNXM1107981[e],394.950529507201,323.815685764737,386.530222775294,557.034514549564,1608.1074014588
MNXM1108018[e],41151.5040041752,64816.103184653,74228.5557569438,7367.56529839128,7448.5924874372
MNXM1108051[e],1656.52003500389,2633.35434475744,2999.38224544591,1897.20328284408,346.32646108624
MNXM1108069[e],0,0,0,0,0
MNXM1108092[e],6574.2544395055,8581.13028556178,8715.88684730945,9269.38695209382,6486.6921106025
MNXM1108175[e],47985.9724477304,71440.4135724425,72352.7914519431,37009.1719806267,1521.75637857824
MNXM1108176[e],190190.374862355,5591.05706226467,73110.4805902622,9220.22251179401,2328.14980001093
MNXM1108206[e],129993.527323545,10784.9003236859,15230.8790988051,60112.6857185173,77268.6172788546
MNXM1118[e],5029.0991680049,5194.95182148686,6249.45627283376,5226.65273015105,5175.68328551383
MNXM112[e],0,0,0,0,0
MNXM1137656[e],2480.44875803029,4011.90823598184,4157.3187372782,5378.37149201804,1780.21915479091
MNXM1137663[e],223.657673808939,249.113555024678,276.024234587638,753.67550385255,231.553405572777
MNXM1137670[e],1660.96631939129,1528.1275653523,1482.60699906466,1492.49802236963,1376.65806535198
MNXM114[e],43787.9370627996,4063.20271947294,4603.78558898176,2357.23033706454,1892.97448537288
MNXM1148[e],0,0,0,0,0
MNXM1157[e],5457.09156608748,6215.48308122689,77386.9068993341,5360.6109676233,3955.32249248065
MNXM117[e],8059.93551562527,8235.94304254427,9374.80913234834,8089.77158946801,6168.96384390235
MNXM118[e],5586.01456491624,5631.64222291871,7862.41004428343,5262.29784094741,3996.94659062285
MNXM11903[e],0,0,0,0,0
MNXM12236[e],4082.10447324395,4163.29105291223,4094.90102720037,18969.7525134311,68533.3707567644
MNXM1233[e],0,0,0,0,0
MNXM124[e],496.781829609337,271.497065545652,429.288524742325,315.25434386819,499.422574606885
MNXM12480[e],0,0,0,0,0
MNXM124865[e],17245.2318296881,13039.0808155972,13273.7738776969,13386.6777600088,13097.0175397043
MNXM1275[e],253.627672122172,106.43947912299,130.999198646141,70.0926862952967,102.042112330143
MNXM128[e],35766.6834907672,16645.1053204664,16251.1829738369,45078.5646706538,56844.9469338873
MNXM13[e],40713.3189923696,29070.1150029917,72392.1450054162,6954.20933380004,7206.29464894574
MNXM142[e],35171.1448348745,21616.3741376949,17187.1920903431,6223.32272245406,13429.3421159211
MNXM145924[e],0,0,0,0,0
MNXM146231[e],0,0,0,0,0
MNXM1485[e],0,0,0,0,0
MNXM1517[e],0,0,0,0,0
MNXM152246[e],0,0,0,0,0
MNXM1547[e],0,0,0,0,0
MNXM1562[e],1050.73301773232,1479.55102816,1537.47228567798,8820.24315502164,934.034126621927
MNXM1565[e],247.30727830466,391.184190760409,345.403475213768,1601.34251941287,3.14263154292546
MNXM158[e],3676.4104971025,1577.88524997569,4710.69365078629,9719.96299295966,86969.2619018591
MNXM1608[e],327.660728890519,384.066309695757,330.229674049441,7372.0080451393,1000
MNXM164[e],48.615423130922,43.8019210309098,52.4941521565842,1008.44302736793,87.0482300400414
MNXM16413[e],0,0,0,0,0
MNXM1653[e],0,0,0,0,0
MNXM168[e],0,0,0,0,0
MNXM1692[e],0,0,0,0,0
MNXM169454[e],2343.68509795888,2928.14978982808,2332.03894745593,3747.36048119497,1270.96004458043
MNXM1734[e],0,0,0,0,0
MNXM174[e],1000.00000000198,294.317042408432,265.34276463879,434.733815159004,1000.00000003879
MNXM1747[e],32957.1361119555,692.54968351251,657.407811761559,675.562126291666,3.96099153476825e-10
MNXM1771[e],240.172095278725,879.835407915914,799.517902556693,170.678853166755,219.813085756415
MNXM1781[e],0,0,0,0,0
MNXM1812[e],0,0,0,0,0
MNXM19009[e],0,0,0,0,0
MNXM192[e],1782.99133937939,570.632226528683,1629.96124804309,2712.13767043591,1595.06175504125
MNXM199[e],20509.9865766625,5749.78671834986,6214.44422819766,5453.64811299713,11694.767266094
MNXM20[e],33770.4823507645,61068.2886315189,73851.504159261,2742.87513227282,66943.299506303
MNXM2029[e],616.993676359354,2109.55951217338,2136.552983137,2084.17038338039,2107.12903667789
MNXM2150[e],68.5920979109875,43.2475254132877,58.8552864541533,49.4165087469487,106.85985187916
MNXM216[e],683.801905638344,336.711241907616,70600.4866810822,362.833139480406,39.8677465577209
MNXM217[e],5653.80487728637,9164.92341761818,11674.7694560109,18567.9874275335,6266.73871519606
MNXM218[e],1028.50927842945,1182.38682332835,1174.34148986213,1711.33101319603,1123.67543583198
MNXM222[e],1357.30760642661,1902.83985938967,2032.41275339569,3064.20073645927,3213.34458067653
MNXM2255[e],55967.5577872227,5494.42120857326,5793.29545992103,5410.88652073275,4255.35971476371
MNXM2282[e],2257.02435573817,1393.89364331104,3988.31623946618,1815.04984257276,1096.34725613951
MNXM23[e],672.844527301233,672.060605676289,603.610542535196,589.766261590537,713.217145330934
MNXM236[e],268.600274846903,178.50282425509,221.196764103354,347.991514216063,215.114560232853
MNXM249[e],3954.56352010295,6002.18795121421,7890.80356903414,41015.341356395,3571.23957856634
MNXM2495[e],0,0,0,0,0
MNXM25[e],140847.800164241,82131.589818592,89428.3624628693,54724.4251436863,79161.3790577556
MNXM2527[e],0,0,0,0,0
MNXM2561[e],0,0,0,0,0
MNXM26[e],11386.827745199,23509.9080211557,25704.1727932259,22170.3312305939,23389.2665765254
MNXM27[e],720700.100167078,453298.399818741,490606.587992252,429269.190583671,481351.552760448
MNXM270[e],34044.9730786294,5757.92942486793,6308.93988864375,3285.00074467682,4089.80205151035
MNXM274[e],51261.776353634,2361.14469842004,5572.59314851891,4652.48210882705,5418.49240621987
MNXM2806[e],1763.35368611543,2246.25484978504,2303.52553980038,2457.67547847042,1068.11257215312
MNXM282[e],723.298384423864,69148.1236930624,74644.4484788774,3205.22220226842,1471.91390131532
MNXM2861[e],2164.99516057248,2000.48309675736,3339.34354393648,2046.47845595515,3130.3491172022
MNXM289[e],19746.9558528308,8834.24294026319,9985.86205023911,6040.25180677655,12976.0571924725
MNXM29[e],45062.0135234418,4327.02616429528,3785.87555239373,12562.8072089108,12604.4838376479
MNXM2902[e],415.252744225198,308.117257685159,323.418980591374,606.983767023374,217.947218940111
MNXM291[e],5216.64337086363,4170.89309167282,4143.06516949291,4074.80865455556,1061.37037631794
MNXM304[e],8673.79609757825,9036.3577945055,10371.2004486605,8839.68182045677,12415.1590355046
MNXM3060[e],71.0193598254462,48.9707341051453,82.6979168772848,111.184507658705,97.940490307129
MNXM30887[e],0,0.457552027854838,0,0,0
MNXM311[e],5149.53269615437,1376.07738189864,2383.12320135799,4600.91637730086,4900.44506626274
MNXM3132[e],244.023067119469,140.751922516632,176.683014827944,260.835129259198,230.209979326209
MNXM314[e],601.205580101165,736.095902772051,572.109009580479,26649.69145671,5618.52526780309
MNXM32178[e],241.635736158642,228.499805740761,258.973293745103,2137.56685186133,324.100399143461
MNXM3230[e],4073.92390871053,3855.46897007825,3916.00133560663,3731.49700007646,4069.22280117057
MNXM32692[e],50.9165134205557,28.532205945773,31.1801059372435,282.619448169369,4104.99306912036
MNXM328[e],2779.86632042312,404.578452006402,403.43322076785,335.709586024694,1436.82517856294
MNXM3300[e],0,0,0,0,0
MNXM337[e],0,0,0,0,0
MNXM3382[e],0,0,0,0,0
MNXM341[e],225.372467890059,625.431377928895,611.92187154406,15268.2345359824,75499.530959508
MNXM3448[e],124.429583708821,107.140041270135,116.588350805442,138.271356228208,659.022412732558
MNXM3449[e],68.5920979109875,43.2475254132877,58.8552864541533,49.4165087469487,106.85985187916
MNXM3453[e],208.450792761392,220.185416560883,275.072905549392,366.757981230227,159.692413913068
MNXM3455[e],103.710839559186,55.5636686339276,76.3126190935938,73.0557666498732,105.193793530024
MNXM34740[e],103.738200777736,65.0120783436163,79.6724142059061,102.847759422504,103.783473548202
MNXM34809[e],34.8533419899672,25.5825990375741,39.84411513819,34.5088805067007,43.7255864021854
MNXM34810[e],241.635736148591,228.499805761899,258.973293752026,2137.56685186872,324.100399143461
MNXM34811[e],110.448624171766,90.611889523903,106.537717956716,234.495051904819,125.458610986174
MNXM353[e],263.759806146961,1171.63380618405,1191.66230013455,1041.7534295046,1744.48251367061
MNXM355[e],0,0,0,0,0
MNXM367[e],0,0,0,0,0
MNXM3685[e],0,0,0,0,0
MNXM3693[e],119.465982150385,89.3311327648449,104.372517548763,236.967860463209,658.012801624509
MNXM37[e],28523.8817510273,77469.2021173848,84087.9518303153,79239.6635046991,77455.8622571974
MNXM3775[e],256.634689563929,154.64498755902,199.304919513011,273.447026598558,193.407965822179
MNXM383[e],0,0,0,0,0
MNXM386[e],36290.8533821846,3828.58146958376,3394.62453808785,34022.06115663,8253.45510960501
MNXM39[e],12406.0769663433,9091.89591586092,9975.9388642355,12835.703652213,15941.0730118471
MNXM398[e],0,0,0,0,0
MNXM402[e],577.539031723277,347.975507196976,404.962781373679,843.320339372725,8604.26950349759
MNXM4026[e],0,0,0,0,0
MNXM40494[e],0,0,0,0,0
MNXM418[e],0,0,0,0,0
MNXM420[e],80.5664718589586,119.490481325923,117.381937196745,0.000723606022384887,678.918944819748
MNXM421[e],2985.74955714581,1995.6545389006,1995.03549941179,2998.13358565143,1001.15576370708
MNXM4217[e],495.81217612369,500.729169129969,542.928766246174,509.88808279658,228.255355929153
MNXM42654[e],2.21501124488089,718.380400670776,72832.5137071023,375.376343793577,606.440883242388
MNXM435[e],61327.7555302117,71783.5181378797,77193.153531442,7955.69067551209,5272.74498390311
MNXM444[e],0,0,0,0,0
MNXM458[e],92670.495731523,1076.07180225193,1100.00531821992,1186.83945876953,1616.83814058861
MNXM460[e],1000,44.5512216985592,37.2332254450816,20.9622881993172,1000
MNXM461[e],31480.1077261205,47041.0941849615,68800.8474987131,4937.28157277946,1389.71337063191
MNXM473[e],1063.86445150573,31.5224223526864,78.9504747145434,1020.28817999805,41.0742539477779
MNXM490899[e],986.388082167908,920.746841396914,983.953641797654,980.340191987928,1144.44436259805
MNXM492[e],1112.98359307406,1052.83544237019,1003.74837263104,12352.5590909824,1199.64411686926
MNXM5[e],1196.68140021308,519.098591129341,479.788076886715,42516.1074755721,66667.6151093325
MNXM518[e],0,0,0,0,0
MNXM5266[e],103.882535138966,69.7759932448059,71.5297224432555,81.668764803919,75.2194908487906
MNXM5269[e],87.9304056249788,62.3366849569511,65.7508015677323,84.4326084652365,67.8734859772996
MNXM5271[e],90.9569978728452,71.7223833360008,73.47095618948,61.4132930515598,70.8381076258742
MNXM5272[e],110.336481057846,80.6145041814019,83.0657725140936,111.074307312313,86.4849050089471
MNXM529[e],0,0,0,0,0
MNXM544[e],34483.3120938242,5179.72302415796,1674.40233647176,18094.019098692,2180.72766374431
MNXM58[e],81387.4678293872,70276.6210138105,74043.0095521606,18994.9973454182,10010.827438258
MNXM59271[e],38.5259492983372,27.715477938243,50.0748711063941,72.0946097533694,59.4358109363681
MNXM5970[e],37.4802540097949,19.3000318174499,36.2520043123108,21.9910468873959,59.8215601375334
MNXM601[e],157.866690025691,1000.00220762905,1002.33038656202,1000.00096845426,1002.19475535481
MNXM617[e],12441.6833732927,7454.90733350937,7489.36495984842,9426.39315232455,8903.25333584148
MNXM625[e],364.918259939285,99.2121465979539,90.2891958080431,0.00650722558787561,5120.39330131276
MNXM63489[e],114.998953568513,89.8206254579672,128.96538906689,147.283590213455,148.660327147998
MNXM636[e],0,0,0,0,0
MNXM6396[e],9.18861399293002,17.0166734367982,95.6619574771506,547.288009363119,44.6354322831218
MNXM647[e],4098.3665675565,68777.9946010386,6785.85407395278,10221.7214707733,78039.8176598371
MNXM652[e],8739.09039564433,7048.12939354152,7100.47273467662,4801.1106827694,7499.21986594533
MNXM653[e],57347.5747027667,68486.8068318259,75456.4873003166,22842.5364035342,72754.2961105921
MNXM65309[e],0,0,0,0,0
MNXM66[e],428.912273732162,499.505480201095,625.120053626629,2056.38584053481,993.007489806522
MNXM660[e],0,0,0,0,0
MNXM664[e],369.610830079818,153.013674657232,224.142128422971,180.609169813253,176.232619796156
MNXM683[e],444.861386522171,605.836489352522,612.794091066568,721.220721097556,372.595072005391
MNXM694[e],0,0,0,0,0
MNXM704[e],0,0,0,0,0
MNXM722863[e],0,0,0,0,0
MNXM724515[e],793.277502746805,677.475885518921,593.352256395616,31582.4287612163,4.51598318729844
MNXM726092[e],2052.53854010346,23.8648636185066,1058.92443718483,1062.5228925715,0
MNXM726339[e],797.893195813393,743.027621914321,842.920230286124,865.207951516284,460.405366220744
MNXM726637[e],2561.5593178853,77392.7020310325,76932.2459966605,2102.89059445041,2338.22154025454
MNXM726638[e],0,0,0,0,0
MNXM726711[e],8176.42976640728,11974.61639352,12797.3231952647,7684.9912071647,12362.5442407681
MNXM726712[e],2782.09700171089,2211.90690057019,2190.32012725774,2401.61204010177,2606.94445404606
MNXM726800[e],0,0,0,0,0
MNXM726888[e],3890.72812841215,4058.95479737043,3106.30951720206,10401.4532220189,1288.05158560538
MNXM726951[e],0,0,0,0,0
MNXM727276[e],3542.86353048145,64364.2080906167,77219.1245895188,38290.2834785579,81892.1121186191
MNXM727657[e],7083.02280617249,4938.65794566667,4697.48455422022,5733.00894386939,5347.94681731495
MNXM727715[e],0,0,0,0,0
MNXM727746[e],0,0,0,0,0
MNXM728337[e],19428.4014603645,3053.4847244474,3039.11152299616,3623.5915737671,3694.97176326388
MNXM728947[e],0,0,0,0,0
MNXM729215[e],56567.3264196504,11531.2112518663,10164.9946626315,7461.69638139827,18956.0766145961
MNXM729302[e],7422.17531964794,13182.581264826,11930.4192905717,62964.1863803154,9158.36506698397
MNXM729358[e],158.15165004981,87.8909342923669,114.659046265931,113.496462840113,89.6559498107403
MNXM729383[e],0,0,0,0,0
MNXM729595[e],0,0,0,0,0
MNXM729613[e],125167.904968063,70593.8533399655,72844.9287414023,11162.150019857,1686.88175140875
MNXM729800[e],7370.07462234011,5267.49315390517,10734.7368491968,7804.55174138423,6263.97454608675
MNXM729832[e],0,0,0,0,0
MNXM729972[e],2003.88222506678,2999.99703515924,2000.08575124869,2999.97679655704,3997.6851102296
MNXM730037[e],0,61555.9094572173,3.51911938996546,10.0434308485457,3.14689623465245
MNXM730135[e],73031.7651934367,78747.073729359,83909.9671060416,45901.9769173694,4283.94972322847
MNXM730514[e],0,0,0,0,0
MNXM730561[e],0,0,0,0,0
MNXM730707[e],0,0,0,0,0
MNXM730708[e],0,0,0,0,0
MNXM731166[e],37875.7601754738,14000.9890821754,12639.5427101747,64560.3032087013,75510.8781260541
MNXM731178[e],0,0,0,0,0
MNXM731183[e],0,0,0,0,0
MNXM731368[e],0,0,0,0,0
MNXM731668[e],253.24394673261,158.327615150614,190.832638672356,308.821015292151,252.93817713441
MNXM731815[e],2116.85920897841,822.084481635055,851.409280756364,661.78965791481,2121.12962643164
MNXM731834[e],2144.05943278044,1132.25430003594,1011.22608606499,689.870825154108,1833.75837032976
MNXM731835[e],3328.57582269668,5334.21455449213,6262.92584167997,11058.031135524,2486.60533948603
MNXM731950[e],34993.5874384711,54622.68444261,74766.2943787891,7523.72926254167,3618.86920662565
MNXM73204[e],0,0,0,0,0
MNXM732398[e],3543.88105491333,10180.7388886688,11205.3803882876,3550.53028097298,12362.569382792
MNXM732487[e],0,0,0,0,0
MNXM732620[e],7338.05948131112,8557.92460163761,5639.17511972494,15930.5786153307,12843.8552936189
MNXM732757[e],0,0,0,0,0
MNXM733114[e],5279.64681403072,3207.73438366045,5784.24551829985,33875.9440445422,92498.9201993894
MNXM733186[e],4987.24806103251,11163.115857632,11013.3730225151,7174.98283963703,3339.36356178281
MNXM733248[e],788.524620743502,1433.06684879141,1366.9873295829,1836.70988061548,68727.3066865833
MNXM733250[e],0,0,0,0,0
MNXM733435[e],1731.01200038007,52436.2395672816,71298.776883778,1158.11978591567,1654.22390872411
MNXM733471[e],161.464800986009,133.042538464845,142.285858585385,442.303443082568,4173.44820765157
MNXM733473[e],34.8533419899672,25.5825990375741,39.84411513819,34.5088805067007,43.7255864021854
MNXM733515[e],0,0,0,0,0
MNXM733618[e],0,19.5435546575942,59.3452348241701,0.210092039640935,0
MNXM733623[e],2.84217192453344e-14,561.229855635578,1356.14547800566,840.869479217646,5.84932376640143e-21
MNXM733828[e],0,0,0,0,0
MNXM733922[e],110.448624259491,90.6118895244076,106.537717957209,234.495051899855,125.458610986174
MNXM734041[e],284.159814364588,599.384596319207,557.610324304044,715.403506927062,295.933278258129
MNXM734044[e],69.0469927159292,49.0694876613405,53.4803976881971,83.3017654998747,61.4714949268995
MNXM734750[e],0,0,0,0,0
MNXM734859[e],2651.03407962429,3165.05659539309,3650.44171803015,734.956674756754,584.094131865655
MNXM734864[e],6162.26334840957,5600.686137373,5710.88230112006,6302.73355229629,5562.35773028464
MNXM735090[e],6888.56045748191,7207.97850650602,7155.05836083135,7356.94237942972,5075.45781431951
MNXM735438[e],1832.77220505341,37087.922295354,39218.6982319567,3982.65309816826,2949.74967552071
MNXM735978[e],8247.38630233201,5901.15236372313,5872.4363194458,59287.268392974,78576.144879193
MNXM736064[e],4919.18672309432,3275.58098936064,3320.88463097764,3182.13192793905,4165.79217721155
MNXM736072[e],0,0,0,0,0
MNXM736095[e],0,0,0,0,0
MNXM736134[e],0,0,0,0,0
MNXM736226[e],844.373420072402,0,0,2000,0
MNXM736341[e],0.234727404164389,0,0,0,0
MNXM736417[e],6830.10378904102,5184.93959811067,5061.21841526758,7731.29214801046,7287.34992307057
MNXM736618[e],0,1001.64540147732,1000,28.2194469882121,64.3178962203571
MNXM736620[e],270.875830983591,61.4131442603258,132.640017790146,106.95056942957,51.089841819658
MNXM736685[e],0,0,0,0,0
MNXM736797[e],0,0,0,0,0
MNXM737068[e],576.48827552421,732.577376881508,837.048500195153,2173.92903922486,1006.36629298004
MNXM737265[e],1235.7129881437,1280.30538295266,1301.71964513775,14307.2632160178,354.25580232103
MNXM737340[e],59416.4485465159,65457.9442154736,79417.4376261486,38255.9613614969,92545.7406280319
MNXM737414[e],977.472201451317,1165.65663708433,1101.04603659514,1587.61946355654,315.755341701894
MNXM737417[e],1095.54237908095,1261.42599274825,1212.92724296953,1663.74435454091,374.59093289058
MNXM737489[e],1025.64974961257,1348.72013214772,1288.78471166459,1492.63273747227,318.389109172695
MNXM737492[e],2296.66181260656,1411.17903248844,1372.70749148247,12902.0257087884,387.995726743409
MNXM737603[e],0,0,0,0,0
MNXM737701[e],0,0,0,0,0
MNXM737787[e],6356.87862233589,6695.98378122794,6674.26867571087,8299.4102807788,4799.85827537291
MNXM737824[e],85.2933770944747,57.0760161664038,57.966806955907,76.7520233717654,74.487668223076
MNXM737997[e],0,0,0,0,0
MNXM738068[e],37660.8847102613,5276.83339899254,5857.00117457466,42781.8910202153,72767.4479151658
MNXM738430[e],3000.0320115288,1000.01393252517,1011.11313974917,1000.00386951551,2010.78759188763
MNXM738432[e],0,0,0,0,0
MNXM738657[e],69.3663908827028,18.7043514758869,30.8046545133433,30.5632282317159,14.9137201768327
MNXM738663[e],35.3812833915849,0,26.4219168760957,34.5196030914677,24.2408118672224
MNXM738804[e],5553.6740753058,6973.1992119802,10002.252922556,18073.2967939392,6878.3081394733
MNXM738834[e],33733.9404260739,18.8693504055623,49.561381215912,7002.43976050781,67343.0286299052
MNXM739017[e],425.587410968145,181.647709726851,229.981110083936,280.783237906928,217.698987681716
MNXM739272[e],36711.6253788704,76036.840312651,76334.9202294148,3754.99714664818,1030.02850714431
MNXM739275[e],158.832982962997,1509.8588107873,1327.32102806252,14918.1146154626,1317.05952287401
MNXM739463[e],31.976841776118,30.2659711480637,32.5537136665745,34.0205800510055,36.8830765973818
MNXM739527[e],74692.6243018959,9724.73629146882,10013.2781751281,7324.54377089918,79170.1308531113
MNXM739586[e],0,0,0,0,0
MNXM739592[e],151.289915182204,131.440551312273,149.608893748153,391.908805278261,951.07628984441
MNXM739756[e],1000,1.15403238260845e-20,0,0,1000
MNXM739788[e],0,0,0,0,0
MNXM739962[e],0,0,0,0,0
MNXM739991[e],1359.00175549076,1302.76696212901,1300.61993070722,1335.40584525419,1670.56505266083
MNXM739994[e],56.5708431178641,38.713060927947,44.7604185732486,35.0626723281658,57.1620082959673
MNXM739997[e],52.4294573297511,31.0339553325632,36.7260747541457,49.3126976551386,43.5182165482495
MNXM740231[e],85.2933770983769,44.8071905528135,43.8246325190745,56.4688166897266,50.0775307362893
MNXM741004[e],0,0,0,0,0
MNXM741014[e],222.208814352829,106.360678383169,150.15908500544,176.98938345951,149.222948533199
MNXM741016[e],63.3788872541838,25.8598577302782,56.9665296996833,65.9078352464043,44.6620716645131
MNXM741019[e],154.659767977178,75.7803676422907,88.7714614692503,107.315251603481,89.4013883999087
MNXM741173[e],28180.3792685153,6337.39284014283,9710.46876271596,11303.9723563009,2604.89007527748
MNXM741175[e],114552.852540382,70637.3190922576,82119.4236096821,31956.397057221,77184.8065938276
MNXM741553[e],5536.56584553625,6649.08265625681,7764.86312123656,1725.98900286532,2425.86670649778
MNXM741664[e],5629.3626903938,8859.47271265581,9892.09821526373,18409.5076650898,4694.94736034436
MNXM741693[e],0,0,0,0,0
MNXM745[e],0,0,0,0,0
MNXM75[e],12231.8150747371,11969.0817881509,13722.7662374574,7766.31173851995,6067.42233779355
MNXM750[e],0,0,0,0,0
MNXM76[e],7269.39747353388,7980.32413007292,8894.28883370349,4249.00781893542,2102.99234706886
MNXM761[e],0,0,0,0,0
MNXM765[e],157.866690025691,1000.00220762905,1002.33038656202,1000.00096845426,1002.19475535481
MNXM78362[e],192.026409514716,74.7448874501308,138.331239063381,126.246201801645,149.271586057311
MNXM821[e],5932.8024394749,5210.25181524733,6134.52847329272,5908.97218747398,4986.44385550773
MNXM8263[e],0,0,0,0,0
MNXM8372[e],0,0,0,0,0
MNXM83847[e],0,0,0,0,0
MNXM8664[e],0,0,0,0,0
MNXM8667[e],0,0,0,0,0
MNXM8670[e],0,0,0,0,0
MNXM87121[e],85.2933770944747,44.8071905528154,43.8246325190105,56.4688166928503,50.0775307365793
MNXM880[e],5.6843418860808e-14,0,0,0,389.692376478351
MNXM8825[e],0,0,0,0,0
MNXM883[e],0,0,0,0,0
MNXM88338[e],62.0446907804605,42.2534560400393,46.2975747248023,64.0099167930369,39.3238576633293
MNXM8868[e],0,0,0,0,0
MNXM889[e],0,3.10903478581605,20.7608304042663,186.075035407777,16.6711972005018
MNXM89612[e],33879.1924380166,8629.11445454973,9992.05406966905,15128.6196011449,7140.00852275068
MNXM89661[e],0,0,0,0,0
MNXM89812[e],4082.10447324395,4163.29105291223,4094.90102720037,18969.7525134311,68533.3707567644
MNXM9[e],3330.27871894975,2794.50603288179,2953.60079448286,40034.3000354511,3658.32692741781
MNXM90[e],6142.1119984765,14877.9084340892,14128.2612941202,9032.13026954391,13548.6772678139
MNXM900[e],0,0,0,0,0
MNXM90126[e],2003.72948746715,2004.91169028288,1134.34668228897,1980.42622340507,2014.22230221581
MNXM90191[e],34503.5317257649,63956.6995340817,77937.3054329083,9024.7313358586,5154.95907696516
MNXM90509[e],276.379697331129,174.870467421982,213.165234542228,176.218733539005,189.956793661497
MNXM90510[e],314.695919697268,257.697536071407,260.072864022807,282.082801464316,352.376671826871
MNXM90511[e],256.634689563901,154.644987561063,199.304919513002,273.447026598424,193.407965830381
MNXM90512[e],186.358967075042,113.486409039484,140.375562504122,106.057166485293,131.332815347413
MNXM90827[e],0,0,0,0,0
MNXM90960[e],110965.528790066,12968.3068515431,13039.7029016772,18644.6178186867,4364.03879697099
MNXM936[e],0,0,0,0,0
MNXM943[e],11.1839453350911,0.0299038192678864,10.2945430900768,2.34809877183874,4.18820494074441
MNXM95[e],169516.726190687,92488.3852425401,98127.1107326233,68970.1397889949,108518.379792523
MNXM963[e],1017.29212244615,1015.10735512134,1020.36108882303,1994.76406136209,1014.79306893126
MNXM97613[e],158.245602693638,1590.47092766671,126.63462402721,501.777150235921,301.949972895908
WATER[e],14140.9935860795,13760.730741239,14520.2740998156,19381.451460638,19665.5042056169
MNXM6599[e],25.9960345757364,19.1165147066473,25.2369159341499,160.5235963947,616.643304653552
MNXM6601[e],26.8603314656324,24.3005100653878,33.0205429677808,253.637448978168,292.0538771306
MNXM32695[e],26.7960475681809,11.637302127183,15.0915079975635,8.21985339059576,34.8914029304328
MNXM6604[e],21.0240187093223,15.0406753213051,19.0404401850965,8.62593168340262,41.7782574491205
MNXM6606[e],757.221138907569,704.45286168732,689.164784793004,501.29432213213,731.993020325854
MNXM1103432[e],71.3106800710281,26.1507288511031,29.3646598119486,11.0589422097716,95.1694039935557
MNXM91047[e],113.716132215425,127.344836941199,119.983280240001,61.4292377960663,287.400530059886
MNXM91053[e],22.0921928691869,20.5731217508443,24.1357070353139,7.90482594978035,86.000984335009
MNXM5078[e],33.3047200032477,384.229122964739,330.229674049441,40.7560345095932,55.5728420887106
MNXM740794[e],1435.08625064797,1571.04015007576,1519.49125139897,1806.40999338509,1140.07653274495
MNXM7149[e],236.416007475495,1000,1000,1000,1000
MNXM736425[e],87.3771129101811,263.155968179309,233.714796134315,299.224292462316,87.5200390606764
MNXM736306[e],189.171334181471,189.06434193961,168.191120185379,233.676770971329,380.186818593604
MNXM5079[e],2000,1617.58400995424,1566.73329500448,7381.12813287037,1117.24312092765
MNXM736311[e],1000,376.891090305254,380.822627459788,292.675097874796,1000
MNXM741021[e],26.3179300866665,30.7209480980664,36.4786000029618,41.7654635782206,50.5816202118329
MNXM88342[e],14.4267774778592,19.3000318174499,20.7165627420529,21.9910468873959,35.580748270311
MNXM88341[e],17.7409855051642,11.280278950564,14.2491439176945,13.1634818824058,0
MNXM87122[e],85.2933770944747,44.8071905528154,43.8246325190105,56.4688166928503,50.0775307365793
MNXM1843[e],0,0,0,0,0
MNXM1755[e],0,0,0,0,0
MNXM734837[e],0,0,0,0,0
MNXM1106995[e],0,0,0,0,0
MNXM162292[e],0,0,0,0,0
MNXM531925[e],0,0,0,0,0
MNXM146119[e],0,0,0,0,0
MNXM4939[e],139.322906075204,75.9523029070542,93.4870789093357,92.3343731472189,52.3406387087524
MNXM3774[e],116.794194553177,37.9816233563033,58.2821435155391,62.7700701488458,25.8387656321758
MNXM3150[e],0,0,0,0,0
MNXM1102189[e],0,0,0,0,0
MNXM3148[e],0,0,0,0,0
MNXM2182[e],0,0,0,0,0
MNXM2598[e],0,0,0,0,0
MNXM1102173[e],0,0,0,0,0
MNXM733912[e],0,0,0,0,0
MNXM2183[e],32.0825896906045,1000,1000,1000,1000
MNXM34808[e],110.548287484063,104.51033246806,111.105752666003,159.683994913184,68.4551385593735
MNXM3447[e],93.469947572146,70.2146180582069,79.1356016146193,76.4442640279514,41.3694969709576
MNXM34739[e],84.2000327510623,33.4810585100668,44.8916348716702,27.9510888990411,31.5070226637085
MNXM582[e],66.4298124919549,107.375545093935,80.7244873875469,15099.3832212545,75091.0025464073
MNXM1091714[e],3000,1437.28162164727,1306.59770773256,1298.35394452181,0
MNXM1091720[e],0,0,0,0,0
MNXM2074[e],0,0,0,0,0
MNXM722719[e],0,0,0,0,0
MNXM740330[e],4736.21486462623,3041.49050296922,3059.29827398199,3953.80068647352,3002.92666002652
MNXM732880[e],1461.52060039715,2961.94108304178,1985.65649640794,2534.05874191348,3102.51424242462
MNXM144[e],0,0,0,0,0
MNXM1104965[e],304.593234455582,5264.19657301705,7705.27090958462,1181.61930715764,1324.53241866229
MNXM730562[e],0,0,0,0,0
MNXM147063[e],29.8090091835286,50.2965766052687,71.9613358140842,193.641848242607,72.0242078411066
MNXM737241[e],0,0,0,0,0
MNXM1092749[e],0,0,0,0,0
MNXM1108056[e],0,0,0,0,0
MNXM7343[e],0,0,0,0,0
MNXM1231[e],0,0,0,0,0
MNXM1021[e],0,0,0,0,0
MNXM11814[e],0,0,0,0,0
MNXM1104899[e],576.275645162537,86.668006321546,114.774840362665,99.0863318736283,49.7196412400027
MNXM1630[e],0,0,0,0,0
MNXM729132[e],0,0,0,0,0
MNXM3509[e],0,0,0,0,0
MNXM1106045[e],0,0,0,0,0
MNXM2245[e],0,0,0,0,0
MNXM46[e],0,0,0,0,0
MNXM235[e],0,0,0,0,0
MNXM1108339[e],0,0,5.10504387167567,3.31573458978314,2.23675981851163
MNXM1092468[e],0,0,0,0,0
MNXM1105063[e],430.343049756807,394.034036623074,348.242025138261,337.911834298949,123.061045561055
MNXM1093257[e],425.398885292626,386.713814115939,345.422955982899,328.7921440133,83.8109243337527
MNXM1093258[e],11.399757469174,9.12191995587643,16.5591790421156,6.32876662997017,321.101470606998
MNXM1094149[e],12.1698254990891,10.3901133152292,18.3958479427948,6.32890579003816,326.450132719785
MNXM1949[e],0,0,0,0,0
MNXM733031[e],0,0,0,0,0
MNXM1105965[e],0,0,0,0,0
MNXM1820[e],1.27159259027519e-20,7.08020436475325e-21,2.07802985061168e-16,3.29182048307701e-21,7.91402368882888e-21
cpd90008[e],0,0,0,0,0
MNXM1105934[e],0,0,0,0,0
MNXM166689[e],12802.3674932029,2280.31662259818,2195.9514698633,12899.725925661,1689.08720737746
MNXM18754[e],12802.3674932029,2280.31662259818,2195.9514698633,12899.725925661,1689.08720737746
MNXM83070[e],0,0,0,0,0
MNXM13761[e],0,0,0,0,0
cpd90020[e],0,0,0,0,0
MNXM15783[e],0,0,0,0,0
MNXM8264[e],0,0,0,0,0
MNXM55287[e],0,0,0,0,0
MNXM739791[e],0,0,0,0,0
MNXM55276[e],0,0,0,0,0
MNXM740896[e],0,0,0,0,0
MNXM729872[e],0,0,0,0,0
MNXM731366[e],0,0,0,0,0
MNXM126241[e],0,0,0,0,0
MNXM40495[e],0,0,0,0,0
MNXM40496[e],0,0,0,0,0
MNXM927[e],0,0,0,0,0
MNXM962[e],0,0,0,0,0
MNXM5461[e],33.3247783482797,20.8624395547206,33.1095045999826,4.34626437753281,10.0958252002534
MNXM5490[e],47.1518326404845,54.6498967666196,62.4315016551239,50.948021096833,25.33285086285
MNXM5464[e],84.1855929008566,92.3710757720301,81.807440272132,157.883493519678,39.137376110255
MNXM734080[e],0,0,0,0,0
MNXM7016[e],0,0,0,0,0
MNXM61843[e],0,0,0,0,0
MNXM1103302[e],0,0,0,0,0
MNXM1107694[e],0,0,0,1.32934853650409e-20,0
MNXM1107695[e],0,0,0,0,0
MNXM577[e],0,0,0,0,0
MNXM320[e],0,0,0,0,0
MNXM730078[e],1999.99091202468,1000,1000.00000000002,1000,2998.71760247936
MNXM602[e],0,0,0,0,0
MNXM448[e],2052.00643913055,1128.96045642284,1191.04501979357,1017.34191290594,2347.70316683255
MNXM982[e],0,0,0,0,0
MNXM735208[e],2.90481634358234,1.84555618581139,5.55397952409883,0.000329250216258997,6.24517802506641
MNXM191[e],0,0,0,0,0
MNXM731953[e],0,0,0,0,0
MNXM232[e],0,0,0,0,0
MNXM731962[e],0,0,0,0,0
MNXM1094019[e],0,0,0,0,0
MNXM713[e],0,0,0,0,0
MNXM734847[e],0,0,0,0,0
MNXM1091697[e],0,0,0,0,0
MNXM1091698[e],0,0,0,0,0
MNXM1855[e],0,0,0,0,0
MNXM716[e],0,0,0,0,0
MNXM1091950[e],0,0,0,0,0
MNXM1092497[e],0,0,0,0,0
MNXM730[e],2714.81937151968,1888.30590321049,1912.50184276064,2940.82166515123,2371.81332832623
MNXM727871[e],0,0,0,0,0
MNXM974[e],2718.15429306609,1305.38360357602,1262.12669616366,2753.5001235208,2953.50061323436
MNXM1092591[e],0,0,0,0,0
MNXM1092592[e],0,0,0,0,0
MNXM1092593[e],0,0,0,0,0
MNXM1092594[e],0,0,0,0,0
MNXM730508[e],0,0,0,0,0
MNXM10816[e],0,0,0,0,0
MNXM1092595[e],0,0,0,0,0
MNXM1467[e],13.6709894101231,1990.59073133836,1990.3600302477,1994.73034645779,1995.05405442204
MNXM935[e],0,0,0,0,0
MNXM1092967[e],0.980881349294043,0.00459639730492252,2.26952256551006,0.00146688464088094,0.778191790830689
MNXM376[e],2000,0,0,0,0
MNXM1103335[e],52605.6806207405,2148.55345674742,1206.27415187486,29.0055655831631,55.598209670826
MNXM730319[e],0,0,0,0,0
MNXM1106105[e],0,0,0,0,0
MNXM2555[e],0,0,0,0,0
MNXM1094076[e],0.980881349417357,0.00459639731110337,2.26952256551006,0.00146688464088094,0.778191786371222
MNXM1871[e],0,0,0,0,0
MNXM1137672[e],0,0,0,0,0
MNXM738927[e],0,0,0,0,0
MNXM733643[e],0,0,0,0,0
MNXM732758[e],1041.58276838531,600.437059032063,520.623606161453,838.634524205234,1027.87883410774
MNXM4940[e],117.114941584578,38.2633905206365,53.8083538109875,47.2043193805804,19.9989801392518
MNXM3450[e],135.619483751442,89.9622612245759,109.474976644897,75.4935927743152,55.6107877411234
MNXM3452[e],116.104256949241,89.490546829109,108.136993187674,75.5335218483327,52.5599605175709
MNXM1091957[e],0,0,0,0,0
MNXM1106047[e],0,0,0,0,0
MNXM4428[e],0,0,0,0,0
MNXM60[e],670.396051207184,1126.24757590327,316.817224008066,26216.3661349759,588.022898510915
MNXM731896[e],0,0,0,0,0
MNXM440[e],0,0,0,0,0
MNXM1092896[e],0,0,0,0,0
MNXM732961[e],0,0,0,0,0
MNXM145882[e],0,0,0,0,0
MNXM1742[e],0,0,0,0,0
MNXM146567[e],0,0,0,0,0
MNXM146568[e],0,0,0,0,0
MNXM146569[e],0,0,0,0,0
MNXM146570[e],0,0,0,0,0
MNXM1093220[e],0,0,0,0,0
MNXM41339[e],0,0,0,0,0
MNXM732732[e],0,0,0,0,0
MNXM1104823[e],0,0,0,0,0
MNXM419[e],0,0,0,0,0
MNXM146654[e],0,0,0,0,0
MNXM732865[e],0,0,0,0,0
MNXM727182[e],0,0,0,0,0
MNXM729727[e],0,0,0,0,0
MNXM735592[e],0,0,0,0,0
MNXM1103965[e],32.5682205595992,0,16.9169521544289,0,251.698147390889
MNXM94643[e],0,0,0,0,0
MNXM738271[e],0,0,0,0,0
cpd90021[e],0,0,0,0,0
cpd90022[e],0,0,0,0,0
MNXM159[e],1781.41118550897,2754.7229744972,2884.82432382337,287.631761427723,1122.60238340264
MNXM1091974[e],0,0,0,0,0
MNXM727224[e],0,0,0,0,0
MNXM496[e],1004.69871674323,3.28651177348472,8.48117498311071,1997.92427027778,2000
MNXM146230[e],0,0,0,0,0
MNXM146623[e],0,0,0,0,0
MNXM11432[e],0,0,0,0,0
MNXM2705[e],0,0,0,0,0
MNXM310[e],0,0,0,0,0
MNXM371[e],0,0,0,0,0
MNXM8718[e],0,0,0,0,0
MNXM792[e],0,0,0,0,0
MNXM464[e],0,0,0,0,0
MNXM1092863[e],0,0,0,0,0
MNXM65054[e],0,0,0,0,0
MNXM1104738[e],0,0,0,0,0
MNXM4998[e],0,0,0,0,0
MNXM2604[e],0,0,0,0,0
MNXM1018[e],0,0,0,0,0
MNXM734590[e],1004.00159084106,150,4.56062690878831,380,1998.50481311813
MNXM4641[e],0,0,0,0,0
MNXM1499[e],2000,1165.21636600711,1244.53627145418,16.1286186051968,1941.69906754906
MNXM1106046[e],0,0,0,0,0
MNXM573[e],0,0,0,0,0
MNXM1093065[e],0,0,0,0,0
MNXM736788[e],0,0,0,0,0
MNXM2690[e],0,0,0,0,0
MNXM1091853[e],0,0,0,0,0
MNXM147036[e],0,0,0,0,0
MNXM2757[e],0,0,0,0,0
MNXM1106057[e],0,0,0,0,0
MNXM734566[e],0,0,0,0,0
MNXM7948[e],1000,1000,910.771972322822,1111.82027062387,353.009619072446
MNXM1094283[e],0,0,0,0,0
MNXM172[e],0,0,0,0,0
MNXM315[e],0,0,0,0,0
MNXM146250[e],0,0,0,0,0
MNXM1092463[e],0,0,0,0,0
MNXM1092455[e],0,0,0,0,0
MNXM562[e],0,0,0,0,0
MNXM1092731[e],0,0,0,0,0
MNXM726752[e],0,0,0,0,0
cpd90003[e],0,0,0,0,0
MNXM731177[e],0,0,0,0,0
MNXM729615[e],0,0,0,0,0
MNXM1410[e],0,0,0,0,0
MNXM146530[e],0,0,0,0,0
MNXM146529[e],0,0,0,0,0
MNXM1106798[e],0,0,0,0,0
MNXM741545[e],0,0,0,0,0
