out_transport,flux_sum_micom_1,flux_sum_micom_2,flux_sum_micom_3,flux_sum_micom_4,flux_sum_micom_5
MNXM1[e],542074.465012569,545105.293396167,536694.818271009,528905.434403574,543255.192278948
MNXM1043[e],0,0,0,0,0
MNXM107[e],7291.67420467096,6373.83350183496,7386.75599462324,7200.73471587079,7725.95106749249
MNXM107505[e],6004.62060313473,6001.28076355075,6003.20524539038,6002.72559817139,6001.42638223505
MNXM108[e],2996.6282972049,2943.3985495888,2967.24288091759,2106.89082403498,2072.86955737302
MNXM1091756[e],0,0,0,0,0
MNXM1091995[e],0,0,0,0,0
MNXM1092518[e],0,0,0,0,0
MNXM1092536[e],0,0,0,0,0
MNXM1092537[e],0,0,0,0,0
MNXM1092538[e],0,0,0,0,0
MNXM1092539[e],0,0,0,0,0
MNXM1092540[e],0,0,0,0,0
MNXM1092541[e],0,0,0,0,0
MNXM1092542[e],0,0,0,0,0
MNXM1092543[e],0,0,0,0,0
MNXM1092544[e],0,0,0,0,0
MNXM1092973[e],2000,2000,2000,2000,2000
MNXM1093058[e],0,0,0,0,0
MNXM1093059[e],0,0,0,0,0
MNXM1093060[e],0,0,0,0,0
MNXM1093061[e],0,0,0,0,0
MNXM1093062[e],0,0,0,0,0
MNXM1093063[e],0,0,0,0,0
MNXM1093067[e],0,0,0,0,0
MNXM1093068[e],0,0,0,0,0
MNXM1093069[e],0,0,0,0,0
MNXM1093070[e],0,0,0,0,0
MNXM1093071[e],0,0,0,0,0
MNXM1093180[e],0,0,0,0,0
MNXM1093181[e],0,0,0,0,0
MNXM1093203[e],0,0,0,0,0
MNXM1093272[e],0,0,0,0,0
MNXM1093318[e],0,0,0,0,0
MNXM1093344[e],0,0,0,0,0
MNXM1093929[e],1032.63430908361,1019.7868690843,1027.11195142932,1031.78739679799,1039.79246563708
MNXM1093966[e],0,0,0,0,0
MNXM1093967[e],0,0,0,0,0
MNXM1093968[e],0,0,0,0,0
MNXM1093969[e],0,0,0,0,0
MNXM1093970[e],0,0,0,0,0
MNXM1093971[e],0,0,0,0,0
MNXM1094047[e],0,0,0,0,0
MNXM1094052[e],8561.52626458422,7588.72432157359,6677.6054549038,6812.71073393544,7895.12954626188
MNXM1094072[e],0,0,0,0,0
MNXM1094078[e],2000.00280577274,2000.0030891239,2000.00481475089,2000.84812719736,2000.21381528264
MNXM1094117[e],0,0,0,0,0
MNXM1094288[e],3000,3000,3000,3000,3000
MNXM1094289[e],1397.54404233998,1379.0175039156,1393.48376564296,1356.79167567291,1373.23841661757
MNXM1094294[e],0,0,0,0,0
MNXM1094296[e],0,0,0,0,0
MNXM1094332[e],0,0,0,0,0
MNXM1094430[e],0,0,0,0,0
MNXM11[e],181.619515371446,158.855504647754,106.471914280351,147.369310200845,151.213903224871
MNXM1101175[e],0,0,0,0,0
MNXM1101253[e],0,0,0,0,0
MNXM1102072[e],8964.55269838607,5976.34133225175,7983.26690372398,7965.90748887318,8964.90680910287
MNXM1102523[e],1.88961176869217e-20,2.50722903381565e-19,3.0561414092575e-19,9.08565767932109e-16,1.23358338786354e-19
MNXM1103104[e],7255.39683366249,7179.15590947104,7238.54795647224,6251.22121571204,7255.2288307995
MNXM1103400[e],8955.95232694198,9814.81444078372,8787.16426448123,7669.11122463904,9785.37666261151
MNXM1103769[e],5963.22547172859,4966.28125266267,5951.4714944178,5950.01470639216,5956.90621406484
MNXM1103964[e],2475.6767271487,1785.86008783805,1672.08037454857,4875.23944427065,1948.12007872074
MNXM1104039[e],0,0,0,0,0
MNXM1104130[e],0,0,0,0,0
MNXM1104180[e],2000,2000,2000,2000,2000
MNXM1104207[e],10856.2008377191,10831.2356647399,10823.6363834258,9863.5464002386,9854.63110756251
MNXM1104432[e],2828.26228617205,3457.38590330804,2985.13503092186,3455.16468086517,2685.4944061623
MNXM1104434[e],3757.36087200282,3972.28128385854,5083.9700297711,4041.55007594733,3607.08757908974
MNXM1104527[e],0,0,0,0,0
MNXM1104551[e],0,0,0,0,0
MNXM1104590[e],1869.15624053221,1898.48013764876,1814.4153722348,1750.4845678856,1679.10257399136
MNXM1104617[e],0,0,0,0,0
MNXM1104679[e],19.8471578264349,6.99728714607014,11.3148932285604,26.0740802130081,28.5190208067579
MNXM1104756[e],0,0,0,0,0
MNXM1104802[e],0,0,0,0,0
MNXM1104857[e],0,0,0,0,0
MNXM1105027[e],0,0,0,0,0
MNXM1105684[e],0,0,0,0,0
MNXM1105731[e],5520.57442737879,5483.2710069335,5507.94604136956,5668.47377295224,5575.10154651606
MNXM1105732[e],5977.82867667833,4987.67432021493,6047.20860462601,5371.65588221215,5471.76462787722
MNXM1105737[e],2177.64580185601,2407.74223845558,2287.82426302745,2008.88030811597,3129.44625583447
MNXM1105760[e],1047.02095437406,45.6411639324956,47.2523298460647,1038.03267750322,1048.53495365669
MNXM1105765[e],0,0,0,0,0
MNXM1105810[e],0,0,0,0,0
MNXM1105842[e],3695.41495194689,3662.80088658967,3630.29001537907,3708.82250575536,3623.03977097077
MNXM1105881[e],0,0,0,0,0
MNXM1105927[e],0,0,0,0,0
MNXM1105935[e],0,0,0,0,0
MNXM1105936[e],0,0,0,0,0
MNXM1105941[e],11211.7982769094,11480.1759673734,11616.686405933,11106.0039192012,10222.7491678243
MNXM1106000[e],2946.69391888221,2957.46482486001,2956.52053355147,3094.49840145849,2990.07468893962
MNXM1106022[e],2591.56715799504,2568.4513351943,2665.34368278117,2747.04516707182,2730.63511967747
MNXM1106044[e],0,0,0,0,0
MNXM1106082[e],44.2533384587955,72.4276625255125,43.8006027725303,45.8363569440486,54.7016273872153
MNXM1106164[e],9558.65571505111,10051.1790040431,10682.8378466252,11342.780224095,10408.2357075265
MNXM1106181[e],1000,1000,2000,1000,1000
MNXM1106761[e],8431.30464417026,9404.80595721198,9448.28987011309,11074.0900577878,12011.6209669023
MNXM1106762[e],1411.48495090458,1394.52470585593,1395.88322874562,1757.40272385545,2103.48668861134
MNXM1106891[e],498.239388402947,492.496023156643,489.910757792369,483.648195629279,468.092656745882
MNXM1106903[e],0,0,0,0,0
MNXM1107192[e],10149.6712602286,9204.36063053229,9090.50588802652,9562.08039917249,8587.44157345845
MNXM1107418[e],5457.75941652199,4757.15737102217,4729.91127640973,5345.3460705162,4690.66101371331
MNXM1107671[e],13.680665609436,7.08349996863867,9.86373114017607,14.1598893491755,16.2385974537701
MNXM1107708[e],764.842942470574,1666.37994350463,532.36961200005,388.32973452355,497.722233707464
MNXM1107753[e],17724.4985764869,18245.4939583518,18063.1070367382,19020.0744165515,18488.5939619149
MNXM1107769[e],3441.70986216116,3367.24657850229,3376.22088332413,3459.86926169088,3898.70400529118
MNXM1107801[e],0,0,0,0,0
MNXM1107821[e],7629.89596934905,7512.61553171786,7508.13222679381,6866.56759355226,7254.30854332877
MNXM1107894[e],13.5427393198626,2.85473228001301,7.3819318924308,16.0189768935182,18.9908222274393
MNXM1107900[e],1317.48539807608,1279.53766993343,1270.57874885516,1275.85302624364,1287.7137758535
MNXM1107902[e],3026.98988205459,3003.24468006118,3022.56670780075,3018.81205751783,3020.55896733031
MNXM1107903[e],6439.20726930731,6294.12793745228,6374.888528099,6436.12505257499,6429.22342986755
MNXM1107906[e],0,0,0,0,0
MNXM1107981[e],119.786995482364,74.2413452559658,96.2068471016996,125.723707675169,152.538516949582
MNXM1108018[e],7062.08217358149,7143.25713251378,7159.29558796929,6583.7081961975,8082.18475700037
MNXM1108051[e],1862.76745625452,1875.9104025429,1899.72913608576,1927.45335259335,1933.28544027188
MNXM1108069[e],0,0,0,0,0
MNXM1108092[e],6455.20701194803,5440.20468368201,6366.04996341706,7439.65048914416,5186.7325946121
MNXM1108175[e],3524.92339336925,4588.73953237936,3340.75010491337,3460.89546072436,3421.68711657468
MNXM1108176[e],3702.90272495319,4045.44112658461,5017.19093227874,4576.03730555645,4665.11769353473
MNXM1108206[e],7654.15700085999,7909.77862941051,7119.04937836017,7554.41509876657,7816.54556977192
MNXM1118[e],7102.38521593161,7172.80612591942,7189.26585008025,7221.96148022799,7154.55895934018
MNXM112[e],0,0,0,0,0
MNXM1137656[e],3996.31786354518,3679.47169912239,4153.24531187417,3715.02039555376,1845.82047853226
MNXM1137663[e],86.7389331961554,103.090885488558,87.7650050575968,191.411058318258,169.016977243887
MNXM1137670[e],2081.99351125332,2115.22374599775,2155.76471097517,2161.54844571068,2155.54477113213
MNXM114[e],3786.69440790462,3795.75887186787,3908.67325809081,4665.40654001824,4988.92002065556
MNXM1148[e],0,0,0,0,0
MNXM1157[e],8093.61431601146,8135.86367302038,8086.11737188196,8108.97230508227,8088.21457957346
MNXM117[e],8993.4357528992,8977.17621582874,9981.30893453935,10002.8173711346,10000.8497322434
MNXM118[e],10402.5746995833,10495.9552309905,8818.78241999217,8769.54024687061,9086.75131145216
MNXM11903[e],0,0,0,0,0
MNXM12236[e],5968.38420240386,6284.00067868442,6148.34339418977,6509.97449650858,6234.81451870954
MNXM1233[e],0,0,0,0,0
MNXM124[e],265.658712185299,183.609312060581,193.357777638125,188.606983686502,355.194609184815
MNXM12480[e],0,0,0,0,0
MNXM124865[e],13471.2773002306,12969.5828049696,12728.194934127,12894.025639742,12253.54395401
MNXM1275[e],39.7242763127717,13.0822496938683,24.7098128027813,44.4562923977563,52.051282144878
MNXM128[e],7636.10990971856,7558.08700254213,7583.21524533013,7695.1577928805,7786.56108313171
MNXM13[e],7357.03019135868,7437.6147414485,6789.62367613554,7809.93557315878,7367.14933246489
MNXM142[e],12775.4616924705,12609.412987071,12523.0138912311,12400.6648099787,12531.0778192674
MNXM145924[e],0,0,0,0,0
MNXM146231[e],0,0,0,0,0
MNXM1485[e],0,0,0,0,0
MNXM1517[e],0,0,0,0,0
MNXM152246[e],0,0,0,0,0
MNXM1547[e],0,0,0,0,0
MNXM1562[e],2393.1013819738,2668.72137632976,2485.37020081503,2683.5216176109,2566.92196221533
MNXM1565[e],1000,1000,1000,999.999999999974,1000
MNXM158[e],4520.89142495833,4698.37865697398,4665.54066864026,4527.27698971753,4718.30752268962
MNXM1608[e],1000,1000,1000,1000,1000
MNXM164[e],64.2032193685794,46.042679045241,51.5845002704236,45.566849607531,88.850093687865
MNXM16413[e],0,0,0,0,0
MNXM1653[e],0,0,0,0,0
MNXM168[e],0,0,0,0,0
MNXM1692[e],0,0,0,0,0
MNXM169454[e],4903.31791250152,5175.97696639176,5230.58589070573,5174.5326769027,4790.17676506214
MNXM1734[e],0,0,0,0,0
MNXM174[e],406.32976085142,394.218238528645,384.091525992959,524.258657304469,635.531950099439
MNXM1747[e],2000,3000,1000,1000,1000
MNXM1771[e],2037.03657755798,2015.69482650781,2030.04759929257,2040.24744309751,2050.16202310385
MNXM1781[e],0,0,0,0,0
MNXM1812[e],0,0,0,0,0
MNXM19009[e],0,0,0,0,0
MNXM192[e],3042.19592557967,3031.66447689617,3029.99928693261,3014.96788358178,3006.64391674527
MNXM199[e],8135.04093480115,8086.12672033948,8021.02658948387,7878.06948562429,8350.72407803507
MNXM20[e],5175.43656400632,4260.24843815573,4180.84057091691,4193.64108619168,3412.11331928706
MNXM2029[e],2037.87082046957,2010.314698805,2027.47898618822,2041.76298698509,2050.13301855168
MNXM2150[e],13.0910613655,6.08344768350394,9.1137378875436,17.0715798500822,17.4591833957053
MNXM216[e],2975.80529372018,2978.30712531605,2965.65247474532,2001.28493137119,2990.52740904296
MNXM217[e],6475.17147989301,6530.38630351429,6557.24781209534,6509.20946315005,5766.74612293543
MNXM218[e],1000.90923015189,1000.04375425221,1000.14303600584,1008.1589398579,1003.70671153755
MNXM222[e],5413.9313792373,5397.92500832326,5443.77084465236,5402.62237962607,5354.84847067038
MNXM2255[e],4441.76341675823,4378.73723605491,4294.17752483019,3805.69114423635,4244.99899301121
MNXM2282[e],1653.72812042057,2181.31587728331,1724.77809516021,1305.83784866171,694.882649205814
MNXM23[e],1999.99999999163,1999.99999999695,2000.00000008095,2000.00000000613,1999.99999998043
MNXM236[e],72.7707837430123,39.7335896120397,54.7956724672025,74.6903551295585,90.1075178004989
MNXM249[e],4016.28581431741,4001.23703517631,4009.12195674571,4030.7177847514,4029.93095011597
MNXM2495[e],0,0,0,0,0
MNXM25[e],11033.3518171147,10804.0747540391,10691.1036502799,10390.8281290198,11279.9795507709
MNXM2527[e],0,0,0,0,0
MNXM2561[e],0,0,0,0,0
MNXM26[e],7305.12667130363,8710.13113495149,8708.83734659078,8224.69876512334,8625.36604637389
MNXM27[e],128509.240976078,129240.646648527,130225.958431742,127606.932032099,128011.097410999
MNXM270[e],5055.126440173,6043.89107486869,5041.93256581293,4032.69439867441,3059.70998275276
MNXM274[e],5100.69794405462,4069.13674432634,3099.1704507107,6003.84939320943,7279.992574901
MNXM2806[e],1038.38154282327,3950.14579487079,3924.04602994254,1095.52331730753,2027.69891095853
MNXM282[e],2206.57560426935,1353.10102307099,2298.76163647934,2007.30909941522,2121.68947799822
MNXM2861[e],3965.43987948951,3017.35054487278,4069.81229591277,4089.15981013519,4084.13508481947
MNXM289[e],4706.92221948428,5020.14623852261,6036.32561352653,5496.62876545818,3430.13439272526
MNXM29[e],6255.38857630813,6190.65535867272,6070.23582797075,7019.09337753207,5116.40023162246
MNXM2902[e],435.293021015934,407.334601433539,420.686619695976,473.374111763392,449.786947446014
MNXM291[e],5090.53866915981,5068.99845163243,4096.27131831747,4076.59570442449,4104.6887427304
MNXM304[e],8043.05400252192,8517.31138866866,8324.1865560024,8356.09708078624,8079.48226462313
MNXM3060[e],23.8916442955728,10.8037285714773,15.7734325945345,29.1186658743758,31.9374801465612
MNXM30887[e],0,0,0,0,0
MNXM311[e],4033.65135599351,3029.83865832267,3038.43022693549,5043.85040588487,4064.8445304601
MNXM3132[e],68.014637358074,32.6790878209025,49.5301939244489,67.4793989615235,85.8905899035327
MNXM314[e],1936.84116643998,1918.36568696438,1931.97043545653,1884.23032217185,1911.18344395584
MNXM32178[e],112.384535152024,91.1057845241569,97.8710422647942,116.799276590511,143.104113594157
MNXM3230[e],6012.7920270933,5987.39752988044,5981.82926753984,5972.3877388785,5973.96016601725
MNXM32692[e],25.0667823201058,36.1594205613771,25.1584371405789,25.0441412030801,30.7706786660669
MNXM328[e],2000.00000004871,2999.99999999975,1999.99999978007,1999.99999999913,2000.00000000039
MNXM3300[e],0,0,0,0,0
MNXM337[e],0,0,0,0,0
MNXM3382[e],0,0,0,0,0
MNXM341[e],1086.34191303073,1040.6900395815,1058.72651085316,1093.89528551679,1117.04178537918
MNXM3448[e],59.3804772195003,60.5518394008867,48.2876612603837,54.1031863800465,69.1900899849041
MNXM3449[e],13.0910613655,6.08344768350394,9.1137378875436,17.0715798500822,17.4591833957053
MNXM3453[e],125.348276778312,99.1897018875917,115.194106883258,117.593457207053,142.129726121931
MNXM3455[e],28.6187825663377,14.8868923688171,21.1057525725523,29.6547233818785,35.5250297625089
MNXM34740[e],39.3739881525737,27.9819264095797,32.1623232744917,40.9607221026023,50.57405060005
MNXM34809[e],12.1368912950469,3.84663829881271,8.12437170547315,12.0074105526726,13.5369600192407
MNXM34810[e],112.384535148594,91.105784523388,97.8710424407922,116.799276590491,143.104113594161
MNXM34811[e],33.3052895320025,18.2757079991274,24.9852576829317,33.236746256576,40.1274140573546
MNXM353[e],219.995154035555,185.50646833499,194.227157169743,393.348308019693,663.316253068523
MNXM355[e],0,0,0,0,0
MNXM367[e],0,0,0,0,0
MNXM3685[e],0,0,0,0,0
MNXM3693[e],35.3629861786842,33.9904970143055,31.5347911773791,37.3440500764255,44.6365443134666
MNXM37[e],10216.0403567682,10266.4435110595,10221.7413489128,10108.0696707344,10200.6532539284
MNXM3775[e],69.508570209306,37.1876794972266,50.2713632863798,67.7718763854839,87.1072970866289
MNXM383[e],0,0,0,0,0
MNXM386[e],7834.23354155138,7908.54704497555,7853.46730424963,7974.10283616659,7876.15292523548
MNXM39[e],6187.0495901348,7147.49732542486,5974.85008713515,5363.85224789317,5608.69735798134
MNXM398[e],0,0,0,0,0
MNXM402[e],179.38420650435,172.182715445364,163.569826622263,170.782325214455,215.548905121098
MNXM4026[e],0,0,0,0,0
MNXM40494[e],0,0,0,0,0
MNXM418[e],0,0,0,0,0
MNXM420[e],999.999999855012,1000.00000005093,999.999999742559,999.999999945796,999.999999911412
MNXM421[e],1998.4578639592,1999.96646045607,2999.07919503848,1998.80783420632,1998.33097356282
MNXM4217[e],386.309083514879,353.844862695525,366.392607888043,388.274540015264,365.858846531334
MNXM42654[e],1007.7053257364,1000.40223922756,1004.72966474019,0,0
MNXM435[e],5912.03701657987,7933.47404645988,5897.10938807085,7946.21371788559,8135.71273712612
MNXM444[e],0,0,0,0,0
MNXM458[e],3200.96033256701,4190.1127766132,3212.07106837521,3197.32533480854,3214.11168639664
MNXM460[e],1000,1000,1000,1000,1000
MNXM461[e],3138.42746321914,3092.04479727518,3106.32348086954,4072.08686313123,4191.18842329996
MNXM473[e],17.3820133794005,6.47643397116672,12.5564013143809,17.9725451629095,22.0569131580121
MNXM490899[e],925.037774192018,926.220109173534,916.159082831414,963.422803725227,916.324110579861
MNXM492[e],4000.00000004791,4000.00000006419,3999.9999994376,4000.0000003991,3999.99999989673
MNXM5[e],1006.02448272813,1003.78428990105,1004.11388338542,1011.19112504148,1012.78005686404
MNXM518[e],0,0,0,0,0
MNXM5266[e],22.734398721638,15.6291782767796,20.4576300703026,23.0622540110059,31.7352536212816
MNXM5269[e],29.7072073769401,23.3601971401506,24.9419478737542,26.2640617937712,34.5949355952693
MNXM5271[e],29.6453175759679,15.9105378338135,24.094798612789,27.3372142333819,35.6267503408955
MNXM5272[e],37.1261215934786,32.7310788440713,30.2269435871013,32.8951305553503,43.6765342572847
MNXM529[e],0,0,0,0,0
MNXM544[e],1189.60134531289,2491.43928508758,2097.3076302186,413.952615230316,1221.5732980866
MNXM58[e],11874.7522980494,11854.2733772259,11914.501310161,11924.5217272395,11942.3304399137
MNXM59271[e],14.1127328346907,5.943028545321,9.07833170099373,17.9200674816218,19.4883434307852
MNXM5970[e],12.8718272780478,4.78623161442963,7.64277039790068,5.25091126403186,5.39946795892127
MNXM601[e],745.19795591712,625.772434382472,612.460476692317,797.254954337979,643.631067530647
MNXM617[e],11513.4779578127,12473.3941773868,12670.084851643,12134.2192349283,11929.409441216
MNXM625[e],1000.00000000095,1000.00000001763,999.99999943371,1000.00000000007,999.999999998907
MNXM63489[e],33.3699000876374,13.5549840023564,20.8774225617578,37.6504784233969,44.4133878590074
MNXM636[e],0,0,0,0,0
MNXM6396[e],9.1125775702192,15.4006534769333,90.8842857837995,446.852778108645,42.6401200865927
MNXM647[e],6235.01676382353,7002.08179509417,6902.03649618777,6441.30579981496,7338.41209395283
MNXM652[e],5997.26971638922,4995.07331383428,5986.53886755342,6014.80927928275,6007.459015821
MNXM653[e],6198.14276276773,6352.10358128916,6365.05962082011,6258.99060964053,6438.82026157048
MNXM65309[e],0,0,0,0,0
MNXM66[e],947.417601681324,996.927235871424,1015.86708089293,1047.93905152899,1008.67195299145
MNXM660[e],0,0,0,0,0
MNXM664[e],48.0083367388763,17.8325682265624,24.3995143772124,69.817683520275,73.1577917343522
MNXM683[e],802.788245927524,834.215070033178,811.469337331998,834.42851704898,761.789706995558
MNXM694[e],0,0,0,0,0
MNXM704[e],0,0,0,0,0
MNXM722863[e],0,0,0,0,0
MNXM724515[e],10.8545458600265,4.09572091572982,10.0785546039421,22.3618599011095,6.13302634871678
MNXM726092[e],2.07728061099492,0.325971286754099,0.92863563241793,1006.97240939745,7.38022770008592
MNXM726339[e],583.535074386012,614.443323324541,632.217040496924,676.467744558928,686.236345853658
MNXM726637[e],2746.39622485901,2733.61368738391,3692.7334002204,3511.42388434038,3505.73409631035
MNXM726638[e],0,0,0,0,0
MNXM726711[e],4585.52548899929,4369.07608209195,4116.82366249316,3775.57948236942,4409.69981948273
MNXM726712[e],3484.82144244053,3732.28087414138,3749.92592549783,3398.55378917868,3677.52212662011
MNXM726800[e],0,0,0,0,0
MNXM726888[e],5172.32177034751,5135.08353129741,5162.92756764867,5164.92716631986,4193.14473693255
MNXM726951[e],0,0,0,0,0
MNXM727276[e],6004.06853661405,6008.54096209478,6003.28867477243,6003.46232821829,6006.38527693223
MNXM727657[e],6637.98769538815,7116.01425838947,6899.45246372992,7209.25390590818,6557.33176046624
MNXM727715[e],0,0,0,0,0
MNXM727746[e],0,0,0,0,0
MNXM728337[e],8183.63044471352,8058.66687996477,7933.62843565251,7916.12036634795,7974.424891347
MNXM728947[e],0,0,0,0,0
MNXM729215[e],4266.97699653004,4280.7750230932,4183.28658635571,3797.77764335717,4391.44966065073
MNXM729302[e],9629.04580374293,9795.46804077265,9914.04967380274,10356.5048194716,8878.1614467467
MNXM729358[e],39.4654952455076,21.4578817038087,29.8104144794082,41.4536088288079,49.9801038123761
MNXM729383[e],0,0,0,0,0
MNXM729595[e],0,0,0,0,0
MNXM729613[e],5818.63987663134,5887.61614482102,5958.11510658298,5790.0744700538,5857.17676012067
MNXM729800[e],7002.05576912982,7002.38274298999,6137.00547680376,6098.20431034758,6951.75166170045
MNXM729832[e],0,0,0,0,0
MNXM729972[e],4000.40528979329,4000.0067159287,4000.01307834407,3000.78233698556,3001.16095979815
MNXM730037[e],0,0,0,1007.94342307678,1007.15522739541
MNXM730135[e],8020.88657415958,8007.39771544425,8010.28850403036,8031.54199010781,8031.28948691527
MNXM730514[e],0,0,0,0,0
MNXM730561[e],0,0,0,0,0
MNXM730707[e],0,0,0,0,0
MNXM730708[e],0,0,0,0,0
MNXM731166[e],2520.69780254853,4592.97196543064,2627.07463963774,3401.87943563723,3499.77540783143
MNXM731178[e],0,0,0,0,0
MNXM731183[e],0,0,0,0,0
MNXM731368[e],0,0,0,0,0
MNXM731668[e],72.5539322546259,35.6002727375897,53.1049958182445,70.6585624967121,89.9955513621506
MNXM731815[e],2031.74793116412,2014.96990503781,2021.54496777601,2033.43607968087,2039.36301177156
MNXM731834[e],3837.07026469998,3835.49528896567,3824.82252483089,3758.46953918858,4795.20982258613
MNXM731835[e],6262.88240745282,6422.08979435134,6482.14334366652,5754.72986492378,6188.77208641502
MNXM731950[e],6752.75902293204,7421.42546353497,6119.06445253827,5811.16072700399,7045.05446026746
MNXM73204[e],0,0,0,0,0
MNXM732398[e],2319.06162417358,2626.63495554017,2514.18188970892,2488.59642815927,2722.50767766971
MNXM732487[e],0,0,0,0,0
MNXM732620[e],8013.69891509324,7056.39382885723,7927.82144521858,7179.65520310858,6198.89147445326
MNXM732757[e],0,0,0,0,0
MNXM733114[e],5660.82443968439,5514.07164166998,5534.40482659469,5768.90897320305,5913.38772310179
MNXM733186[e],3177.83095484187,3159.75534360437,3059.70885396903,1681.88768181642,3400.94833870046
MNXM733248[e],3002.74585410442,3938.46796378197,3946.09576973745,3031.98537754215,2031.02336855216
MNXM733250[e],0,0,0,0,0
MNXM733435[e],1716.15417835976,1753.72739528411,1739.89666468586,2525.60597916389,1545.1164627911
MNXM733471[e],71.343836623328,88.3858887293492,74.9878658531157,66.448446055958,86.9861850899125
MNXM733473[e],12.1368912950469,3.84663829881271,8.12437170547315,12.0074105526726,13.5369600192407
MNXM733515[e],0,0,0,0,0
MNXM733618[e],0,0,0,0,0
MNXM733623[e],3.0533799809997e-21,3.91868712826741e-20,4.48641918820428e-20,4.18905231927807e-16,5.46474657740035e-20
MNXM733828[e],0,0,0,0,0
MNXM733922[e],33.3052892375816,18.2757079980533,24.9852578972797,33.2367462565945,40.1274140572417
MNXM734041[e],2040.33005966481,2028.01724831964,2032.21969550719,2042.49393806826,2052.32382791773
MNXM734044[e],27.9430629120713,22.0688190850104,22.8876662384593,24.0629067310433,32.2929970391688
MNXM734750[e],0,0,0,0,0
MNXM734859[e],1163.07150214946,1115.99931144675,965.167022657004,551.713017365578,862.750056222956
MNXM734864[e],4824.52651305276,4774.27754152726,5778.18785630405,4814.0689479952,4858.66673771679
MNXM735090[e],6030.56148786925,6039.1745016397,6033.8994128796,7179.25603128042,6355.76889975017
MNXM735438[e],1274.467488945,1357.42404013506,1639.94127945795,1912.42855300272,1285.13658308927
MNXM735978[e],8141.10493923235,8195.65949478139,8074.89975002035,7875.22879020018,8174.05873748534
MNXM736064[e],3869.40035364879,3901.75075937556,3879.3770788139,3870.04557090336,3805.52394229863
MNXM736072[e],0,0,0,0,0
MNXM736095[e],0,0,0,0,0
MNXM736134[e],0,0,0,0,0
MNXM736226[e],1000,1000,1000,1000,1000
MNXM736341[e],0,0,0,0,0
MNXM736417[e],7779.65826183289,6743.68904555515,7383.17700452933,6512.00533546885,8076.07951761735
MNXM736618[e],161.396886653846,321.805197663375,384.79789958495,36.0925800604735,133.9447292398
MNXM736620[e],12.5309159603777,2.24706561759371,5.45462375829803,36.7538376368678,38.8900904758096
MNXM736685[e],0,0,0,0,0
MNXM736797[e],0,0,0,0,0
MNXM737068[e],2917.32534885976,2910.65733935963,2894.31817337289,2904.92339499579,2916.0016635609
MNXM737265[e],1004.36132326662,1000.0458770267,1003.34747285329,4.56555863130074,1005.22833247949
MNXM737340[e],9843.49906875693,10578.8462253261,10026.3053341376,8645.75197498965,9637.97457428921
MNXM737414[e],1432.68551162828,1407.2945508784,1420.59169432756,1467.55308010643,1443.22114438275
MNXM737417[e],1480.20137027817,1444.97489150626,1459.40898236075,1508.97303118539,1494.12768444383
MNXM737489[e],1382.82397240923,1353.8038626708,1366.30048227677,1382.47287170171,1359.07546083019
MNXM737492[e],2045.24258857626,2021.62849069266,2031.50995225787,2048.84191093643,2058.25714644081
MNXM737603[e],0,0,0,0,0
MNXM737701[e],0,0,0,0,0
MNXM737787[e],7175.44171881181,7168.21520611205,6303.35346733857,7201.65125334871,7365.0013075462
MNXM737824[e],18.6376126069366,6.52617090507268,11.5442312345095,19.7270378060248,24.8434366065624
MNXM737997[e],0,0,0,0,0
MNXM738068[e],4010.6762942608,4003.9867985076,4087.48490361816,4699.07097018256,4004.77383224101
MNXM738430[e],1000.0408052409,1000.02352292213,1000.04254893069,1006.87402137226,1004.94283788829
MNXM738432[e],0,0,0,0,0
MNXM738657[e],8.91630742895001,6.11173250647746,7.16403450835589,7.41821341585358,10.5756456189601
MNXM738663[e],9.21678249304601,3.6132203713391,5.61766947231569,10.3836476811025,12.3737058539438
MNXM738804[e],10004.6143706673,8991.62274609578,8985.79814645071,9998.98613908259,11000.4670295007
MNXM738834[e],2992.04263351604,2999.9645975985,2996.76938469715,2989.58269943188,2989.05664325553
MNXM739017[e],73.8004921691115,29.9648799529713,47.4240159449161,78.3421179010783,98.1661834574455
MNXM739272[e],3000,3000,3000,3000,3000
MNXM739275[e],1115.18982645817,1154.66677819138,1197.3386033547,1044.21972295895,1123.02370720545
MNXM739463[e],7.6356962014602,4.19437390750193,5.35840844018348,9.91594018719298,10.4483389869568
MNXM739527[e],9856.21051129189,9802.93155625045,10598.3219870507,10482.9505812517,11943.6669607727
MNXM739586[e],0,0,0,0,0
MNXM739592[e],67.5393930087123,77.0530888513832,57.0518688713163,62.8181230599686,79.1192027477082
MNXM739756[e],0,0,0,0,0
MNXM739788[e],0,0,0,0,0
MNXM739962[e],0,0,0,0,0
MNXM739991[e],1120.55551570289,1093.79001579028,1107.88146157664,1121.64982803785,1139.54254938891
MNXM739994[e],15.9664450630679,2.08278921410689,9.95266080335225,13.6521009334562,17.3613883705031
MNXM739997[e],14.5884771542772,9.84045247092841,10.9864632819045,14.131462704241,17.5720287090924
MNXM740231[e],13.542739336294,2.8547322832897,7.38193186859963,16.0189768939544,18.9908222277664
MNXM741004[e],0,0,0,0,0
MNXM741014[e],43.7460329735519,18.4621793382105,27.9980580553097,47.9684201736437,58.5386350819185
MNXM741016[e],16.6075178027406,5.85390733605675,9.59855170612317,19.8610877415854,22.9416381294777
MNXM741019[e],27.5539200358866,12.6379034115501,18.7082657428654,27.1452512218784,35.4190822255226
MNXM741173[e],6844.90565423475,6822.56729741817,6837.07981355611,6452.50197401153,6721.86148894431
MNXM741175[e],17903.7221812526,18623.2147062755,18490.4687711628,17605.5713471834,19863.0358157007
MNXM741553[e],3552.15454806213,4616.08784853192,4637.6711507047,4372.54469482605,4476.92925368172
MNXM741664[e],6327.15039778169,5424.00801947459,6433.97573717454,5193.78404992723,8222.16948928748
MNXM741693[e],0,0,0,0,0
MNXM745[e],0,0,0,0,0
MNXM75[e],8188.56734324467,8085.65504672069,8023.73636163595,7087.27535049331,9052.63112106403
MNXM750[e],0,0,0,0,0
MNXM76[e],3950.35426078803,2886.06924967463,2764.3851708054,2413.10650508865,2632.30885065781
MNXM761[e],0,0,0,0,0
MNXM765[e],745.19795591712,625.772434382472,612.460476692317,797.254954337979,643.631067530647
MNXM78362[e],24.5216007480091,3.8171492079397,12.5259125334258,42.8203213453104,40.398569888406
MNXM821[e],4998.36683605066,6987.6735200106,5031.72846797151,7196.66317015261,7012.36639676335
MNXM8263[e],0,0,0,0,0
MNXM8372[e],0,0,0,0,0
MNXM83847[e],0,0,0,0,0
MNXM8664[e],0,0,0,0,0
MNXM8667[e],0,0,0,0,0
MNXM8670[e],0,0,0,0,0
MNXM87121[e],13.5427393198626,2.85473228001301,7.3819318924308,16.0189768935182,18.9908222274393
MNXM880[e],0,0,0,0,0
MNXM8825[e],0,0,0,0,0
MNXM883[e],0,0,0,0,0
MNXM88338[e],17.3314663465863,10.8212154363339,12.9733558010967,16.3148843318865,21.7746390430856
MNXM8868[e],0,0,0,0,0
MNXM889[e],0,0,0,0,0
MNXM89612[e],10931.6664559818,10944.1155700589,10823.3842124604,10430.3822487613,10324.2663344861
MNXM89661[e],0,0,0,0,0
MNXM89812[e],5968.38420240386,6284.00067868442,6148.34339418977,6509.97449650858,6234.81451870954
MNXM9[e],3619.07225905036,3401.9630519309,3511.81557220077,3809.19133775023,3772.57242464352
MNXM90[e],9005.12305712063,10450.9042510039,8623.53781919956,11713.7870877876,3342.39434671133
MNXM900[e],0,0,0,0,0
MNXM90126[e],1999.97576222517,1999.98774914402,1999.96300730404,1994.95078216117,1994.27476235472
MNXM90191[e],6083.89674519687,6073.29888015327,6068.17498314472,5981.54011355735,6062.23512577004
MNXM90509[e],80.7055700985034,68.6039649977158,63.2943126515646,73.8887645711856,96.8278089526557
MNXM90510[e],116.560906907452,82.7873417309996,98.2216323225983,120.795765411009,135.484807210168
MNXM90511[e],69.5085702744807,37.1876794843966,50.2713632848548,67.7718763846367,87.1072971082663
MNXM90512[e],43.8049096753261,16.8328085773407,32.3052893574342,47.6894400734297,56.2209162532295
MNXM90827[e],0,0,0,0,0
MNXM90960[e],8107.74857745713,8178.83909771435,8203.61373531917,7815.61866827306,8064.98002516874
MNXM936[e],0,0,0,0,0
MNXM943[e],3.60408133621647,0.0411491297448108,0.147885986539661,4.46888655689059,4.81404342601198
MNXM95[e],20844.3977567839,20914.0870433455,21877.6751502678,21176.9139848139,21189.9032914111
MNXM963[e],2000.00000002523,1000.00000001055,2000.00000001155,2000.00000000002,2000.00000000123
MNXM97613[e],125.579073258469,152.346043877135,119.529318062531,62.1227925724054,218.011454577275
WATER[e],13856.3027514892,12535.0415284345,13308.3450244928,13489.0939947005,13667.3033074187
MNXM6599[e],11.0276396383514,19.7669925495217,9.87795748341544,12.0772790427135,14.0018359646631
MNXM6601[e],8.15891618198766,16.5012494431739,8.76420773390642,8.71493672231471,9.92911273978291
MNXM32695[e],4.64416986356878,0.0354865672998115,4.55312577995389,5.24769860129481,6.74928492428019
MNXM6604[e],3.96008924654595,0.0503425833012905,2.1795086309071,4.60165492757748,5.2933709556124
MNXM6606[e],489.635129452952,492.410193963323,483.178123080558,473.798842253161,456.050000921355
MNXM1103432[e],10.7374046988561,3.3116383489064,10.3989964493569,11.2002381432032,13.0509223008753
MNXM91047[e],40.1330170019198,43.7991243991381,41.0705124651898,43.7781157268597,37.4070483760192
MNXM91053[e],6.36066912162947,3.40902231957997,6.08600157935643,5.57772315110869,6.53707020253419
MNXM5078[e],1000,1000,1000,1000,1000
MNXM740794[e],1726.26409890921,1717.59754978562,1721.966658671,1739.39860651821,1729.60274516053
MNXM7149[e],1000,1000,1000,1000,1000
MNXM736425[e],1000,1000,1000,1000,1000
MNXM736306[e],252.786054763996,251.095060003674,254.754615893236,265.128764358544,270.681411176958
MNXM5079[e],2000,2000,2000,2000,2000
MNXM736311[e],1000,1000,1000,1000,1000
MNXM741021[e],6.97175043426017,2.7872923939784,4.33037944838067,8.50170032630104,9.56080284814744
MNXM88342[e],3.65504478500178,1.17301124309053,2.02510092558499,5.25091126403186,5.39946795892127
MNXM88341[e],3.32028563056226,1.03804430479679,1.64702195066207,5.18861000352637,5.34637904500236
MNXM87122[e],13.5427393198626,2.85473228001301,7.3819318924308,16.0189768935182,18.9908222274393
MNXM1843[e],0,0,0,0,0
MNXM1755[e],0,0,0,0,0
MNXM734837[e],0,0,0,0,0
MNXM1106995[e],0,0,0,0,0
MNXM162292[e],0,0,0,0,0
MNXM531925[e],0,0,0,0,0
MNXM146119[e],0,0,0,0,0
MNXM4939[e],24.068772261671,8.29739640014776,14.3400996904319,26.9686669635659,33.6300350273593
MNXM3774[e],19.5253709002063,24.6132243510098,16.0798255304967,25.4450568891713,28.4561233726508
MNXM3150[e],0,0,0,0,0
MNXM1102189[e],0,0,0,0,0
MNXM3148[e],0,0,0,0,0
MNXM2182[e],0,0,0,0,0
MNXM2598[e],0,0,0,0,0
MNXM1102173[e],0,0,0,0,0
MNXM733912[e],0,0,0,0,0
MNXM2183[e],1000,1000,1000,1000,1000
MNXM34808[e],46.2770541608811,52.2264681029608,49.8294285246812,41.4043047560892,56.2155064063752
MNXM3447[e],24.3353465376712,14.2235044615598,21.6568336939655,25.2667710336997,30.6347083487506
MNXM34739[e],20.7403635843497,9.26466951045279,13.434964953679,22.8871243235704,27.1530791599487
MNXM582[e],1036.21814777662,1014.83928586168,1031.11231005227,1036.8619283725,1044.37833331402
MNXM1091714[e],1762.24185886106,1481.38167216972,1381.02687355686,1609.55498728241,0
MNXM1091720[e],0,0,0,0,0
MNXM2074[e],0,0,0,0,0
MNXM722719[e],0,0,0,0,0
MNXM740330[e],3000.00000012562,2999.99999999669,2999.99999996664,2999.99999940983,2999.99999998865
MNXM732880[e],2543.06760610415,2521.87633707859,3460.69408964447,3487.25525852464,3451.27137526907
MNXM144[e],0,0,0,0,0
MNXM1104965[e],1836.80565139935,1847.82057235657,1829.00465992509,1897.88902969817,2038.12358287128
MNXM730562[e],0,0,0,0,0
MNXM147063[e],60.2371284720203,38.31153387875,41.3789299811106,56.7249153323215,55.2766872641065
MNXM737241[e],0,0,0,0,0
MNXM1092749[e],0,0,0,0,0
MNXM1108056[e],0,0,0,0,0
MNXM7343[e],0,0,0,0,0
MNXM1231[e],0,0,0,0,0
MNXM1021[e],0,0,0,0,0
MNXM11814[e],0,0,0,0,0
MNXM1104899[e],36.7420826119235,10.4103536180747,22.3121013160757,53.9125616901829,52.5652220047158
MNXM1630[e],0,0,0,0,0
MNXM729132[e],0,0,0,0,0
MNXM3509[e],0,0,0,0,0
MNXM1106045[e],0,0,0,0,0
MNXM2245[e],0,0,0,0,0
MNXM46[e],0,0,0,0,0
MNXM235[e],0,0,0,0,0
MNXM1108339[e],0,0,0,0,1000
MNXM1092468[e],0,0,0,0,0
MNXM1105063[e],29.564066164343,6.85107140273195,24.3049592899502,36.4274771690106,40.9437342941085
MNXM1093257[e],25.7373833729278,6.35437639366097,19.7043116279295,33.876776925124,37.9280678241536
MNXM1093258[e],17.4396207724916,2.01975089571989,5.58776150710176,25.1193379761105,20.7287173782603
MNXM1094149[e],17.4431961493872,2.02400227347735,5.60379319499612,26.4617822390532,21.9676844262647
MNXM1949[e],0,0,0,0,0
MNXM733031[e],0,0,0,0,0
MNXM1105965[e],0,0,0,0,0
MNXM1820[e],4.26794044601043e-21,5.47771972804567e-20,6.05243313012395e-20,6.09969179874947e-16,7.37469835917333e-20
cpd90008[e],0,0,0,0,0
MNXM1105934[e],0,0,0,0,0
MNXM166689[e],4149.09327051809,4183.93589379484,4182.28930182334,4911.8211403238,4173.27120311073
MNXM18754[e],4149.09327051809,4183.93589379484,4182.28930182334,4911.8211403238,4173.27120311073
MNXM83070[e],0,0,0,0,0
MNXM13761[e],0,0,0,0,0
cpd90020[e],0,0,0,0,0
MNXM15783[e],0,0,0,0,0
MNXM8264[e],0,0,0,0,0
MNXM55287[e],0,0,0,0,0
MNXM739791[e],0,0,0,0,0
MNXM55276[e],0,0,0,0,0
MNXM740896[e],0,0,0,0,0
MNXM729872[e],0,0,0,0,0
MNXM731366[e],0,0,0,0,0
MNXM126241[e],0,0,0,0,0
MNXM40495[e],0,0,0,0,0
MNXM40496[e],0,0,0,0,0
MNXM927[e],0,0,0,0,0
MNXM962[e],0,0,0,0,0
MNXM5461[e],20.0797934123785,25.320729651093,8.131720726726,13.5483667405236,17.3636054843636
MNXM5490[e],19.6244414467666,3.32699909299795,13.0755417816209,21.1582098249716,26.9993050572567
MNXM5464[e],56.9025189248069,14.3749929889422,41.0712943262431,51.572592809853,69.6216354279421
MNXM734080[e],0,0,0,0,0
MNXM7016[e],0,0,0,0,0
MNXM61843[e],0,0,0,0,0
MNXM1103302[e],0,0,0,0,0
MNXM1107694[e],1.23630855661682e-20,1.70466115995097e-19,2.17270489390521e-19,1.80831481003667e-15,2.35921989939312e-19
MNXM1107695[e],0,0,0,0,0
MNXM577[e],0,0,0,0,0
MNXM320[e],0,0,0,0,0
MNXM730078[e],1999.99955091124,1999.99916211765,1999.99805920227,1999.76769046063,1999.60229311202
MNXM602[e],0,0,0,0,0
MNXM448[e],1098.27957578358,1091.07880404725,1093.21393673156,1049.65458885623,1074.44317717567
MNXM982[e],0,0,0,0,0
MNXM735208[e],999.9999999991,999.999999998942,1000.0000000191,1000.00000000001,999.999999957489
MNXM191[e],0,0,0,0,0
MNXM731953[e],0,0,0,0,0
MNXM232[e],0,0,0,0,0
MNXM731962[e],0,0,0,0,0
MNXM1094019[e],0,0,0,0,0
MNXM713[e],0,0,0,0,0
MNXM734847[e],0,0,0,0,0
MNXM1091697[e],0,0,0,0,0
MNXM1091698[e],0,0,0,0,0
MNXM1855[e],0,0,0,0,0
MNXM716[e],0,0,0,0,0
MNXM1091950[e],0,0,0,0,0
MNXM1092497[e],0,0,0,0,0
MNXM730[e],2014.60417402331,2000.13829908657,2010.28935388587,2014.24716614228,2014.53933487504
MNXM727871[e],0,0,0,0,0
MNXM974[e],1912.75930306268,1969.98344936101,2151.13602690017,2145.8790721678,2219.15440399852
MNXM1092591[e],0,0,0,0,0
MNXM1092592[e],0,0,0,0,0
MNXM1092593[e],0,0,0,0,0
MNXM1092594[e],0,0,0,0,0
MNXM730508[e],0,0,0,0,0
MNXM10816[e],0,0,0,0,0
MNXM1092595[e],0,0,0,0,0
MNXM1467[e],2000.00000000237,2000.000000014,2000.00000005789,2000,2000
MNXM935[e],0,0,0,0,0
MNXM1092967[e],0.00556529950879947,0.0061564648244223,0.00961275067868745,1.67920344519432,0.42116084435012
MNXM376[e],0,0,0,0,0
MNXM1103335[e],2003.03709409205,2008.02658522795,2013.89812774222,2983.89805809038,2986.14051933305
MNXM730319[e],0,0,0,0,0
MNXM1106105[e],0,0,0,0,0
MNXM2555[e],0,0,0,0,0
MNXM1094076[e],0.00556529950879947,0.0061564648244223,0.00961275067868745,1.67920344519432,0.42116084435012
MNXM1871[e],0,0,0,0,0
MNXM1137672[e],0,0,0,0,0
MNXM738927[e],0,0,0,0,0
MNXM733643[e],0,0,0,0,0
MNXM732758[e],2001.66665690658,2000.13716169768,2000.59489466751,2001.77791045841,2002.33833271448
MNXM4940[e],17.8197995879302,10.0967871372345,13.1437460564106,20.9535071008331,22.6845409847354
MNXM3450[e],32.1306452552687,15.6224265797118,25.3875585088382,32.8454977085992,40.8280214289437
MNXM3452[e],33.1304098132154,10.2381273768309,25.1875368534089,34.7854126305684,43.2399495028546
MNXM1091957[e],0,0,0,0,0
MNXM1106047[e],0,0,0,0,0
MNXM4428[e],0,0,0,0,0
MNXM60[e],743.583910753108,709.333422946808,735.212558920774,712.301314062003,488.877934472641
MNXM731896[e],0,0,0,0,0
MNXM440[e],0,0,0,0,0
MNXM1092896[e],0,0,0,0,0
MNXM732961[e],0,0,0,0,0
MNXM145882[e],0,0,0,0,0
MNXM1742[e],0,0,0,0,0
MNXM146567[e],0,0,0,0,0
MNXM146568[e],0,0,0,0,0
MNXM146569[e],0,0,0,0,0
MNXM146570[e],0,0,0,0,0
MNXM1093220[e],0,0,0,0,0
MNXM41339[e],0,0,0,0,0
MNXM732732[e],0,0,0,0,0
MNXM1104823[e],0,0,0,0,0
MNXM419[e],0,0,0,0,0
MNXM146654[e],0,0,0,0,0
MNXM732865[e],0,0,0,0,0
MNXM727182[e],0,0,0,0,0
MNXM729727[e],0,0,0,0,0
MNXM735592[e],0,0,0,0,0
MNXM1103965[e],0,0,0,0,1000
MNXM94643[e],0,0,0,0,0
MNXM738271[e],0,0,0,0,0
cpd90021[e],0,0,0,0,0
cpd90022[e],0,0,0,0,0
MNXM159[e],1000,2000,1000,1000,1000
MNXM1091974[e],0,0,0,0,0
MNXM727224[e],0,0,0,0,0
MNXM496[e],2000,1000,1000,2000,2000
MNXM146230[e],0,0,0,0,0
MNXM146623[e],0,0,0,0,0
MNXM11432[e],0,0,0,0,0
MNXM2705[e],0,0,0,0,0
MNXM310[e],0,0,0,0,0
MNXM371[e],0,0,0,0,0
MNXM8718[e],0,0,0,0,0
MNXM792[e],0,0,0,0,0
MNXM464[e],0,0,0,0,0
MNXM1092863[e],0,0,0,0,0
MNXM65054[e],0,0,0,0,0
MNXM1104738[e],0,0,0,0,0
MNXM4998[e],0,0,0,0,0
MNXM2604[e],0,0,0,0,0
MNXM1018[e],0,0,0,0,0
MNXM734590[e],6.60164280277079,0.0560180038490257,5.18151062330083,6.45485301128729,8.93643127592646
MNXM4641[e],0,0,0,0,0
MNXM1499[e],1000,1000,2000,2000,2000.00000000002
MNXM1106046[e],0,0,0,0,0
MNXM573[e],0,0,0,0,0
MNXM1093065[e],0,0,0,0,0
MNXM736788[e],0,0,0,0,0
MNXM2690[e],0,0,0,0,0
MNXM1091853[e],0,0,0,0,0
MNXM147036[e],0,0,0,0,0
MNXM2757[e],0,0,0,0,0
MNXM1106057[e],0,0,0,0,0
MNXM734566[e],0,0,0,0,0
MNXM7948[e],1000,1000,1000,1000,1000
MNXM1094283[e],0,0,0,0,0
MNXM172[e],0,0,0,0,0
MNXM315[e],0,0,0,0,0
MNXM146250[e],0,0,0,0,0
MNXM1092463[e],0,0,0,0,0
MNXM1092455[e],0,0,0,0,0
MNXM562[e],0,0,0,0,0
MNXM1092731[e],0,0,0,0,0
MNXM726752[e],0,0,0,0,0
cpd90003[e],0,0,0,0,0
MNXM731177[e],0,0,0,0,0
MNXM729615[e],0,0,0,0,0
MNXM1410[e],0,0,0,0,0
MNXM146530[e],0,0,0,0,0
MNXM146529[e],0,0,0,0,0
MNXM1106798[e],0,0,0,0,0
MNXM741545[e],0,0,0,0,0
