out_transport,flux_sum_micom_ab1_1,flux_sum_micom_ab1_2,flux_sum_micom_ab1_3,flux_sum_micom_ab1_4,flux_sum_micom_ab1_5
MNXM1[e],474020.863624122,474020.863624122,474020.863624122,474020.863624122,474020.863624122
MNXM1043[e],0,0,0,0,0
MNXM107[e],5997.58969117729,5997.58969117729,5997.58969117729,5997.58969117729,5997.58969117729
MNXM107505[e],5999.99999999883,5999.99999999883,5999.99999999883,5999.99999999883,5999.99999999883
MNXM108[e],2999.99999999593,2999.99999999593,2999.99999999593,2999.99999999593,2999.99999999593
MNXM1091756[e],0,0,0,0,0
MNXM1091995[e],0,0,0,0,0
MNXM1092518[e],0,0,0,0,0
MNXM1092536[e],0,0,0,0,0
MNXM1092537[e],0,0,0,0,0
MNXM1092538[e],0,0,0,0,0
MNXM1092539[e],0,0,0,0,0
MNXM1092540[e],0,0,0,0,0
MNXM1092541[e],0,0,0,0,0
MNXM1092542[e],0,0,0,0,0
MNXM1092543[e],0,0,0,0,0
MNXM1092544[e],0,0,0,0,0
MNXM1092973[e],3000,3000,3000,3000,3000
MNXM1093058[e],0,0,0,0,0
MNXM1093059[e],0,0,0,0,0
MNXM1093060[e],0,0,0,0,0
MNXM1093061[e],0,0,0,0,0
MNXM1093062[e],0,0,0,0,0
MNXM1093063[e],0,0,0,0,0
MNXM1093067[e],0,0,0,0,0
MNXM1093068[e],0,0,0,0,0
MNXM1093069[e],0,0,0,0,0
MNXM1093070[e],0,0,0,0,0
MNXM1093071[e],0,0,0,0,0
MNXM1093180[e],0,0,0,0,0
MNXM1093181[e],0,0,0,0,0
MNXM1093203[e],0,0,0,0,0
MNXM1093272[e],0,0,0,0,0
MNXM1093318[e],0,0,0,0,0
MNXM1093344[e],0,0,0,0,0
MNXM1093929[e],1000.00000000092,1000.00000000092,1000.00000000092,1000.00000000092,1000.00000000092
MNXM1093966[e],0,0,0,0,0
MNXM1093967[e],0,0,0,0,0
MNXM1093968[e],0,0,0,0,0
MNXM1093969[e],0,0,0,0,0
MNXM1093970[e],0,0,0,0,0
MNXM1093971[e],0,0,0,0,0
MNXM1094047[e],0,0,0,0,0
MNXM1094052[e],7578.27229875149,7578.27229875149,7578.27229875149,7578.27229875149,7578.27229875149
MNXM1094072[e],0,0,0,0,0
MNXM1094078[e],3000,3000,3000,3000,3000
MNXM1094117[e],0,0,0,0,0
MNXM1094288[e],5000,5000,5000,5000,5000
MNXM1094289[e],35.3285914052167,35.3285914052167,35.3285914052167,35.3285914052167,35.3285914052167
MNXM1094294[e],0,0,0,0,0
MNXM1094296[e],0,0,0,0,0
MNXM1094332[e],0,0,0,0,0
MNXM1094430[e],0,0,0,0,0
MNXM11[e],38.1494167991522,38.1494167991522,38.1494167991522,38.1494167991522,38.1494167991522
MNXM1101175[e],0,0,0,0,0
MNXM1101253[e],0,0,0,0,0
MNXM1102072[e],9992.09964698992,9992.09964698992,9992.09964698992,9992.09964698992,9992.09964698992
MNXM1102523[e],7.28470152469896e-13,7.28470152469896e-13,7.28470152469896e-13,7.28470152469896e-13,7.28470152469896e-13
MNXM1103104[e],5795.30694625941,5795.30694625941,5795.30694625941,5795.30694625941,5795.30694625941
MNXM1103400[e],7026.28678907313,7026.28678907313,7026.28678907313,7026.28678907313,7026.28678907313
MNXM1103769[e],5102.58512137433,5102.58512137433,5102.58512137433,5102.58512137433,5102.58512137433
MNXM1103964[e],2428.2124426446,2428.2124426446,2428.2124426446,2428.2124426446,2428.2124426446
MNXM1104039[e],0,0,0,0,0
MNXM1104130[e],0,0,0,0,0
MNXM1104180[e],1000.00000000055,1000.00000000055,1000.00000000055,1000.00000000055,1000.00000000055
MNXM1104207[e],10600.3035863427,10600.3035863427,10600.3035863427,10600.3035863427,10600.3035863427
MNXM1104432[e],1492.24865063947,1492.24865063947,1492.24865063947,1492.24865063947,1492.24865063947
MNXM1104434[e],2361.63745415339,2361.63745415339,2361.63745415339,2361.63745415339,2361.63745415339
MNXM1104527[e],0,0,0,0,0
MNXM1104551[e],0,0,0,0,0
MNXM1104590[e],955.345073858036,955.345073858036,955.345073858036,955.345073858036,955.345073858036
MNXM1104617[e],0,0,0,0,0
MNXM1104679[e],1.71827573295137e-12,1.71827573295137e-12,1.71827573295137e-12,1.71827573295137e-12,1.71827573295137e-12
MNXM1104756[e],0,0,0,0,0
MNXM1104802[e],0,0,0,0,0
MNXM1104857[e],0,0,0,0,0
MNXM1105027[e],0,0,0,0,0
MNXM1105684[e],0,0,0,0,0
MNXM1105731[e],5002.33675725779,5002.33675725779,5002.33675725779,5002.33675725779,5002.33675725779
MNXM1105732[e],4810.21717741117,4810.21717741117,4810.21717741117,4810.21717741117,4810.21717741117
MNXM1105737[e],4000,4000,4000,4000,4000
MNXM1105760[e],34.5094473176581,34.5094473176581,34.5094473176581,34.5094473176581,34.5094473176581
MNXM1105765[e],0,0,0,0,0
MNXM1105810[e],0,0,0,0,0
MNXM1105842[e],2114.86774037918,2114.86774037918,2114.86774037918,2114.86774037918,2114.86774037918
MNXM1105881[e],0,0,0,0,0
MNXM1105927[e],0,0,0,0,0
MNXM1105935[e],0,0,0,0,0
MNXM1105936[e],0,0,0,0,0
MNXM1105941[e],14002.2350748951,14002.2350748951,14002.2350748951,14002.2350748951,14002.2350748951
MNXM1106000[e],3801.13868320002,3801.13868320002,3801.13868320002,3801.13868320002,3801.13868320002
MNXM1106022[e],2793.84341697977,2793.84341697977,2793.84341697977,2793.84341697977,2793.84341697977
MNXM1106044[e],0,0,0,0,0
MNXM1106082[e],3.26772411512566e-12,3.26772411512566e-12,3.26772411512566e-12,3.26772411512566e-12,3.26772411512566e-12
MNXM1106164[e],8941.58731026955,8941.58731026955,8941.58731026955,8941.58731026955,8941.58731026955
MNXM1106181[e],1000.00000000205,1000.00000000205,1000.00000000205,1000.00000000205,1000.00000000205
MNXM1106761[e],6836.00174079276,6836.00174079276,6836.00174079276,6836.00174079276,6836.00174079276
MNXM1106762[e],1365.97490240731,1365.97490240731,1365.97490240731,1365.97490240731,1365.97490240731
MNXM1106891[e],499.999999998503,499.999999998503,499.999999998503,499.999999998503,499.999999998503
MNXM1106903[e],0,0,0,0,0
MNXM1107192[e],10558.4306611572,10558.4306611572,10558.4306611572,10558.4306611572,10558.4306611572
MNXM1107418[e],6721.31250607171,6721.31250607171,6721.31250607171,6721.31250607171,6721.31250607171
MNXM1107671[e],9.6275117545458e-13,9.6275117545458e-13,9.6275117545458e-13,9.6275117545458e-13,9.6275117545458e-13
MNXM1107708[e],1429.52030548476,1429.52030548476,1429.52030548476,1429.52030548476,1429.52030548476
MNXM1107753[e],18528.5234343489,18528.5234343489,18528.5234343489,18528.5234343489,18528.5234343489
MNXM1107769[e],4477.97202740064,4477.97202740064,4477.97202740064,4477.97202740064,4477.97202740064
MNXM1107801[e],0,0,0,0,0
MNXM1107821[e],8091.96819909029,8091.96819909029,8091.96819909029,8091.96819909029,8091.96819909029
MNXM1107894[e],9.62345506019943e-13,9.62345506019943e-13,9.62345506019943e-13,9.62345506019943e-13,9.62345506019943e-13
MNXM1107900[e],1000.00000000275,1000.00000000275,1000.00000000275,1000.00000000275,1000.00000000275
MNXM1107902[e],3000,3000,3000,3000,3000
MNXM1107903[e],5730.04256108266,5730.04256108266,5730.04256108266,5730.04256108266,5730.04256108266
MNXM1107906[e],0,0,0,0,0
MNXM1107981[e],9.40228621155425e-12,9.40228621155425e-12,9.40228621155425e-12,9.40228621155425e-12,9.40228621155425e-12
MNXM1108018[e],7396.99218205458,7396.99218205458,7396.99218205458,7396.99218205458,7396.99218205458
MNXM1108051[e],1990.09874105013,1990.09874105013,1990.09874105013,1990.09874105013,1990.09874105013
MNXM1108069[e],0,0,0,0,0
MNXM1108092[e],6035.31905232645,6035.31905232645,6035.31905232645,6035.31905232645,6035.31905232645
MNXM1108175[e],2940.10401786337,2940.10401786337,2940.10401786337,2940.10401786337,2940.10401786337
MNXM1108176[e],6823.8999704859,6823.8999704859,6823.8999704859,6823.8999704859,6823.8999704859
MNXM1108206[e],7467.49279602751,7467.49279602751,7467.49279602751,7467.49279602751,7467.49279602751
MNXM1118[e],7422.10446083441,7422.10446083441,7422.10446083441,7422.10446083441,7422.10446083441
MNXM112[e],0,0,0,0,0
MNXM1137656[e],670.564141495074,670.564141495074,670.564141495074,670.564141495074,670.564141495074
MNXM1137663[e],139.45483683548,139.45483683548,139.45483683548,139.45483683548,139.45483683548
MNXM1137670[e],1025.08918546107,1025.08918546107,1025.08918546107,1025.08918546107,1025.08918546107
MNXM114[e],3882.31534141884,3882.31534141884,3882.31534141884,3882.31534141884,3882.31534141884
MNXM1148[e],0,0,0,0,0
MNXM1157[e],8049.79828768514,8049.79828768514,8049.79828768514,8049.79828768514,8049.79828768514
MNXM117[e],9000.00000000001,9000.00000000001,9000.00000000001,9000.00000000001,9000.00000000001
MNXM118[e],11277.6651422763,11277.6651422763,11277.6651422763,11277.6651422763,11277.6651422763
MNXM11903[e],0,0,0,0,0
MNXM12236[e],6283.5426763879,6283.5426763879,6283.5426763879,6283.5426763879,6283.5426763879
MNXM1233[e],0,0,0,0,0
MNXM124[e],217.790454848173,217.790454848173,217.790454848173,217.790454848173,217.790454848173
MNXM12480[e],0,0,0,0,0
MNXM124865[e],12975.0293090589,12975.0293090589,12975.0293090589,12975.0293090589,12975.0293090589
MNXM1275[e],3.52344127865967e-12,3.52344127865967e-12,3.52344127865967e-12,3.52344127865967e-12,3.52344127865967e-12
MNXM128[e],7823.95646323802,7823.95646323802,7823.95646323802,7823.95646323802,7823.95646323802
MNXM13[e],8081.31899763148,8081.31899763148,8081.31899763148,8081.31899763148,8081.31899763148
MNXM142[e],12026.0876496141,12026.0876496141,12026.0876496141,12026.0876496141,12026.0876496141
MNXM145924[e],0,0,0,0,0
MNXM146231[e],0,0,0,0,0
MNXM1485[e],0,0,0,0,0
MNXM1517[e],0,0,0,0,0
MNXM152246[e],0,0,0,0,0
MNXM1547[e],0,0,0,0,0
MNXM1562[e],2159.82886751675,2159.82886751675,2159.82886751675,2159.82886751675,2159.82886751675
MNXM1565[e],1000.00000000279,1000.00000000279,1000.00000000279,1000.00000000279,1000.00000000279
MNXM158[e],4320.17320268107,4320.17320268107,4320.17320268107,4320.17320268107,4320.17320268107
MNXM1608[e],1000,1000,1000,1000,1000
MNXM164[e],65.1872790429336,65.1872790429336,65.1872790429336,65.1872790429336,65.1872790429336
MNXM16413[e],0,0,0,0,0
MNXM1653[e],0,0,0,0,0
MNXM168[e],0,0,0,0,0
MNXM1692[e],0,0,0,0,0
MNXM169454[e],5381.10202396491,5381.10202396491,5381.10202396491,5381.10202396491,5381.10202396491
MNXM1734[e],0,0,0,0,0
MNXM174[e],293.382154055979,293.382154055979,293.382154055979,293.382154055979,293.382154055979
MNXM1747[e],2000.00000000036,2000.00000000036,2000.00000000036,2000.00000000036,2000.00000000036
MNXM1771[e],1.83752313719873e-10,1.83752313719873e-10,1.83752313719873e-10,1.83752313719873e-10,1.83752313719873e-10
MNXM1781[e],0,0,0,0,0
MNXM1812[e],0,0,0,0,0
MNXM19009[e],0,0,0,0,0
MNXM192[e],3208.47738713403,3208.47738713403,3208.47738713403,3208.47738713403,3208.47738713403
MNXM199[e],8088.63810286982,8088.63810286982,8088.63810286982,8088.63810286982,8088.63810286982
MNXM20[e],3598.19684814183,3598.19684814183,3598.19684814183,3598.19684814183,3598.19684814183
MNXM2029[e],1999.99999999984,1999.99999999984,1999.99999999984,1999.99999999984,1999.99999999984
MNXM2150[e],1.31504869434504e-12,1.31504869434504e-12,1.31504869434504e-12,1.31504869434504e-12,1.31504869434504e-12
MNXM216[e],1000,1000,1000,1000,1000
MNXM217[e],5369.24968340826,5369.24968340826,5369.24968340826,5369.24968340826,5369.24968340826
MNXM218[e],1000,1000,1000,1000,1000
MNXM222[e],6139.79066019123,6139.79066019123,6139.79066019123,6139.79066019123,6139.79066019123
MNXM2255[e],4867.63018072469,4867.63018072469,4867.63018072469,4867.63018072469,4867.63018072469
MNXM2282[e],175.55319312273,175.55319312273,175.55319312273,175.55319312273,175.55319312273
MNXM23[e],2000.00000000194,2000.00000000194,2000.00000000194,2000.00000000194,2000.00000000194
MNXM236[e],5.96522890611242e-12,5.96522890611242e-12,5.96522890611242e-12,5.96522890611242e-12,5.96522890611242e-12
MNXM249[e],3000,3000,3000,3000,3000
MNXM2495[e],0,0,0,0,0
MNXM25[e],11018.8677302684,11018.8677302684,11018.8677302684,11018.8677302684,11018.8677302684
MNXM2527[e],0,0,0,0,0
MNXM2561[e],0,0,0,0,0
MNXM26[e],8961.33893073763,8961.33893073763,8961.33893073763,8961.33893073763,8961.33893073763
MNXM27[e],126580.787645222,126580.787645222,126580.787645222,126580.787645222,126580.787645222
MNXM270[e],5049.77792869473,5049.77792869473,5049.77792869473,5049.77792869473,5049.77792869473
MNXM274[e],6001.12699187882,6001.12699187882,6001.12699187882,6001.12699187882,6001.12699187882
MNXM2806[e],2768.09442038985,2768.09442038985,2768.09442038985,2768.09442038985,2768.09442038985
MNXM282[e],4000.00000000036,4000.00000000036,4000.00000000036,4000.00000000036,4000.00000000036
MNXM2861[e],4002.10527093764,4002.10527093764,4002.10527093764,4002.10527093764,4002.10527093764
MNXM289[e],1273.84185049544,1273.84185049544,1273.84185049544,1273.84185049544,1273.84185049544
MNXM29[e],5880.83927484938,5880.83927484938,5880.83927484938,5880.83927484938,5880.83927484938
MNXM2902[e],718.313079280875,718.313079280875,718.313079280875,718.313079280875,718.313079280875
MNXM291[e],4999.99999999797,4999.99999999797,4999.99999999797,4999.99999999797,4999.99999999797
MNXM304[e],7570.70138035213,7570.70138035213,7570.70138035213,7570.70138035213,7570.70138035213
MNXM3060[e],2.05210748432021e-12,2.05210748432021e-12,2.05210748432021e-12,2.05210748432021e-12,2.05210748432021e-12
MNXM30887[e],0,0,0,0,0
MNXM311[e],5000,5000,5000,5000,5000
MNXM3132[e],5.10925593156453e-12,5.10925593156453e-12,5.10925593156453e-12,5.10925593156453e-12,5.10925593156453e-12
MNXM314[e],1568.219418379,1568.219418379,1568.219418379,1568.219418379,1568.219418379
MNXM32178[e],7.76281596916008e-12,7.76281596916008e-12,7.76281596916008e-12,7.76281596916008e-12,7.76281596916008e-12
MNXM3230[e],5051.6049783278,5051.6049783278,5051.6049783278,5051.6049783278,5051.6049783278
MNXM32692[e],1.34492221639736e-12,1.34492221639736e-12,1.34492221639736e-12,1.34492221639736e-12,1.34492221639736e-12
MNXM328[e],3999.99999999765,3999.99999999765,3999.99999999765,3999.99999999765,3999.99999999765
MNXM3300[e],0,0,0,0,0
MNXM337[e],0,0,0,0,0
MNXM3382[e],0,0,0,0,0
MNXM341[e],999.999999999114,999.999999999114,999.999999999114,999.999999999114,999.999999999114
MNXM3448[e],4.51349902325834e-12,4.51349902325834e-12,4.51349902325834e-12,4.51349902325834e-12,4.51349902325834e-12
MNXM3449[e],1.31504869434504e-12,1.31504869434504e-12,1.31504869434504e-12,1.31504869434504e-12,1.31504869434504e-12
MNXM3453[e],9.70105410384712e-12,9.70105410384712e-12,9.70105410384712e-12,9.70105410384712e-12,9.70105410384712e-12
MNXM3455[e],2.06549130289463e-12,2.06549130289463e-12,2.06549130289463e-12,2.06549130289463e-12,2.06549130289463e-12
MNXM34740[e],3.00471414542902e-12,3.00471414542902e-12,3.00471414542902e-12,3.00471414542902e-12,3.00471414542902e-12
MNXM34809[e],9.21822319528554e-13,9.21822319528554e-13,9.21822319528554e-13,9.21822319528554e-13,9.21822319528554e-13
MNXM34810[e],7.76284094962219e-12,7.76284094962219e-12,7.76284094962219e-12,7.76284094962219e-12,7.76284094962219e-12
MNXM34811[e],2.59669335317779e-12,2.59669335317779e-12,2.59669335317779e-12,2.59669335317779e-12,2.59669335317779e-12
MNXM353[e],162.08507782305,162.08507782305,162.08507782305,162.08507782305,162.08507782305
MNXM355[e],0,0,0,0,0
MNXM367[e],0,0,0,0,0
MNXM3685[e],0,0,0,0,0
MNXM3693[e],3.32489902643805e-12,3.32489902643805e-12,3.32489902643805e-12,3.32489902643805e-12,3.32489902643805e-12
MNXM37[e],11154.4532023647,11154.4532023647,11154.4532023647,11154.4532023647,11154.4532023647
MNXM3775[e],4.02838328883093e-12,4.02838328883093e-12,4.02838328883093e-12,4.02838328883093e-12,4.02838328883093e-12
MNXM383[e],0,0,0,0,0
MNXM386[e],5040.81539327375,5040.81539327375,5040.81539327375,5040.81539327375,5040.81539327375
MNXM39[e],7093.65964874195,7093.65964874195,7093.65964874195,7093.65964874195,7093.65964874195
MNXM398[e],0,0,0,0,0
MNXM402[e],1.22992180757509e-11,1.22992180757509e-11,1.22992180757509e-11,1.22992180757509e-11,1.22992180757509e-11
MNXM4026[e],0,0,0,0,0
MNXM40494[e],0,0,0,0,0
MNXM418[e],0,0,0,0,0
MNXM420[e],2.79704597249589e-09,2.79704597249589e-09,2.79704597249589e-09,2.79704597249589e-09,2.79704597249589e-09
MNXM421[e],1000,1000,1000,1000,1000
MNXM4217[e],506.724542152595,506.724542152595,506.724542152595,506.724542152595,506.724542152595
MNXM42654[e],2000,2000,2000,2000,2000
MNXM435[e],6046.67993712325,6046.67993712325,6046.67993712325,6046.67993712325,6046.67993712325
MNXM444[e],0,0,0,0,0
MNXM458[e],4378.27843122153,4378.27843122153,4378.27843122153,4378.27843122153,4378.27843122153
MNXM460[e],1000,1000,1000,1000,1000
MNXM461[e],3175.11527508143,3175.11527508143,3175.11527508143,3175.11527508143,3175.11527508143
MNXM473[e],3.1495933113081e-09,3.1495933113081e-09,3.1495933113081e-09,3.1495933113081e-09,3.1495933113081e-09
MNXM490899[e],1000.00000001687,1000.00000001687,1000.00000001687,1000.00000001687,1000.00000001687
MNXM492[e],2000.00000001235,2000.00000001235,2000.00000001235,2000.00000001235,2000.00000001235
MNXM5[e],3999.84324558161,3999.84324558161,3999.84324558161,3999.84324558161,3999.84324558161
MNXM518[e],0,0,0,0,0
MNXM5266[e],2.18434238905045e-12,2.18434238905045e-12,2.18434238905045e-12,2.18434238905045e-12,2.18434238905045e-12
MNXM5269[e],2.08275029895081e-12,2.08275029895081e-12,2.08275029895081e-12,2.08275029895081e-12,2.08275029895081e-12
MNXM5271[e],2.59110970268118e-12,2.59110970268118e-12,2.59110970268118e-12,2.59110970268118e-12,2.59110970268118e-12
MNXM5272[e],2.17748179257747e-12,2.17748179257747e-12,2.17748179257747e-12,2.17748179257747e-12,2.17748179257747e-12
MNXM529[e],0,0,0,0,0
MNXM544[e],1253.44927533117,1253.44927533117,1253.44927533117,1253.44927533117,1253.44927533117
MNXM58[e],11138.5012536255,11138.5012536255,11138.5012536255,11138.5012536255,11138.5012536255
MNXM59271[e],1.27989275859255e-12,1.27989275859255e-12,1.27989275859255e-12,1.27989275859255e-12,1.27989275859255e-12
MNXM5970[e],3.59695319881009e-13,3.59695319881009e-13,3.59695319881009e-13,3.59695319881009e-13,3.59695319881009e-13
MNXM601[e],1016.75806039337,1016.75806039337,1016.75806039337,1016.75806039337,1016.75806039337
MNXM617[e],11194.4787244732,11194.4787244732,11194.4787244732,11194.4787244732,11194.4787244732
MNXM625[e],1000.00000000199,1000.00000000199,1000.00000000199,1000.00000000199,1000.00000000199
MNXM63489[e],2.43794402740294e-12,2.43794402740294e-12,2.43794402740294e-12,2.43794402740294e-12,2.43794402740294e-12
MNXM636[e],0,0,0,0,0
MNXM6396[e],402.21649569266,402.21649569266,402.21649569266,402.21649569266,402.21649569266
MNXM647[e],3531.00517219942,3531.00517219942,3531.00517219942,3531.00517219942,3531.00517219942
MNXM652[e],6003.72425892392,6003.72425892392,6003.72425892392,6003.72425892392,6003.72425892392
MNXM653[e],5969.4365388786,5969.4365388786,5969.4365388786,5969.4365388786,5969.4365388786
MNXM65309[e],0,0,0,0,0
MNXM66[e],1000.0000000008,1000.0000000008,1000.0000000008,1000.0000000008,1000.0000000008
MNXM660[e],0,0,0,0,0
MNXM664[e],4.06771347047614e-12,4.06771347047614e-12,4.06771347047614e-12,4.06771347047614e-12,4.06771347047614e-12
MNXM683[e],1000.00000001686,1000.00000001686,1000.00000001686,1000.00000001686,1000.00000001686
MNXM694[e],0,0,0,0,0
MNXM704[e],0,0,0,0,0
MNXM722863[e],0,0,0,0,0
MNXM724515[e],2.53892265525466e-13,2.53892265525466e-13,2.53892265525466e-13,2.53892265525466e-13,2.53892265525466e-13
MNXM726092[e],2.54013464452002e-13,2.54013464452002e-13,2.54013464452002e-13,2.54013464452002e-13,2.54013464452002e-13
MNXM726339[e],166.840424985805,166.840424985805,166.840424985805,166.840424985805,166.840424985805
MNXM726637[e],2837.21896668466,2837.21896668466,2837.21896668466,2837.21896668466,2837.21896668466
MNXM726638[e],0,0,0,0,0
MNXM726711[e],4393.38165680437,4393.38165680437,4393.38165680437,4393.38165680437,4393.38165680437
MNXM726712[e],3977.84271556107,3977.84271556107,3977.84271556107,3977.84271556107,3977.84271556107
MNXM726800[e],0,0,0,0,0
MNXM726888[e],5125.26392973158,5125.26392973158,5125.26392973158,5125.26392973158,5125.26392973158
MNXM726951[e],0,0,0,0,0
MNXM727276[e],9000.15208171796,9000.15208171796,9000.15208171796,9000.15208171796,9000.15208171796
MNXM727657[e],6298.77102499535,6298.77102499535,6298.77102499535,6298.77102499535,6298.77102499535
MNXM727715[e],0,0,0,0,0
MNXM727746[e],0,0,0,0,0
MNXM728337[e],7859.37485427226,7859.37485427226,7859.37485427226,7859.37485427226,7859.37485427226
MNXM728947[e],0,0,0,0,0
MNXM729215[e],3577.76507286701,3577.76507286701,3577.76507286701,3577.76507286701,3577.76507286701
MNXM729302[e],9725.09581004572,9725.09581004572,9725.09581004572,9725.09581004572,9725.09581004572
MNXM729358[e],3.36848559201038e-12,3.36848559201038e-12,3.36848559201038e-12,3.36848559201038e-12,3.36848559201038e-12
MNXM729383[e],0,0,0,0,0
MNXM729595[e],0,0,0,0,0
MNXM729613[e],6755.73995149377,6755.73995149377,6755.73995149377,6755.73995149377,6755.73995149377
MNXM729800[e],5764.44548695034,5764.44548695034,5764.44548695034,5764.44548695034,5764.44548695034
MNXM729832[e],0,0,0,0,0
MNXM729972[e],4000,4000,4000,4000,4000
MNXM730037[e],2.49101299690519e-13,2.49101299690519e-13,2.49101299690519e-13,2.49101299690519e-13,2.49101299690519e-13
MNXM730135[e],6999.89598080259,6999.89598080259,6999.89598080259,6999.89598080259,6999.89598080259
MNXM730514[e],0,0,0,0,0
MNXM730561[e],0,0,0,0,0
MNXM730707[e],0,0,0,0,0
MNXM730708[e],0,0,0,0,0
MNXM731166[e],3320.99866396625,3320.99866396625,3320.99866396625,3320.99866396625,3320.99866396625
MNXM731178[e],0,0,0,0,0
MNXM731183[e],0,0,0,0,0
MNXM731368[e],0,0,0,0,0
MNXM731668[e],5.40561301035126e-12,5.40561301035126e-12,5.40561301035126e-12,5.40561301035126e-12,5.40561301035126e-12
MNXM731815[e],1999.99999999991,1999.99999999991,1999.99999999991,1999.99999999991,1999.99999999991
MNXM731834[e],2719.31419438468,2719.31419438468,2719.31419438468,2719.31419438468,2719.31419438468
MNXM731835[e],6561.04538088215,6561.04538088215,6561.04538088215,6561.04538088215,6561.04538088215
MNXM731950[e],6740.41538251718,6740.41538251718,6740.41538251718,6740.41538251718,6740.41538251718
MNXM73204[e],0,0,0,0,0
MNXM732398[e],1878.04757579728,1878.04757579728,1878.04757579728,1878.04757579728,1878.04757579728
MNXM732487[e],0,0,0,0,0
MNXM732620[e],7000.64148496046,7000.64148496046,7000.64148496046,7000.64148496046,7000.64148496046
MNXM732757[e],0,0,0,0,0
MNXM733114[e],4300.53160366,4300.53160366,4300.53160366,4300.53160366,4300.53160366
MNXM733186[e],3468.69620278207,3468.69620278207,3468.69620278207,3468.69620278207,3468.69620278207
MNXM733248[e],5111.12430162617,5111.12430162617,5111.12430162617,5111.12430162617,5111.12430162617
MNXM733250[e],0,0,0,0,0
MNXM733435[e],1420.0554720296,1420.0554720296,1420.0554720296,1420.0554720296,1420.0554720296
MNXM733471[e],4.78278810868357e-12,4.78278810868357e-12,4.78278810868357e-12,4.78278810868357e-12,4.78278810868357e-12
MNXM733473[e],9.21822319528554e-13,9.21822319528554e-13,9.21822319528554e-13,9.21822319528554e-13,9.21822319528554e-13
MNXM733515[e],0,0,0,0,0
MNXM733618[e],0,0,0,0,0
MNXM733623[e],1000,1000,1000,1000,1000
MNXM733828[e],0,0,0,0,0
MNXM733922[e],2.59654347040509e-12,2.59654347040509e-12,2.59654347040509e-12,2.59654347040509e-12,2.59654347040509e-12
MNXM734041[e],1.05241706464545e-10,1.05241706464545e-10,1.05241706464545e-10,1.05241706464545e-10,1.05241706464545e-10
MNXM734044[e],1.44876967015141e-12,1.44876967015141e-12,1.44876967015141e-12,1.44876967015141e-12,1.44876967015141e-12
MNXM734750[e],0,0,0,0,0
MNXM734859[e],1495.66510209632,1495.66510209632,1495.66510209632,1495.66510209632,1495.66510209632
MNXM734864[e],4890.4287511735,4890.4287511735,4890.4287511735,4890.4287511735,4890.4287511735
MNXM735090[e],5204.11448639243,5204.11448639243,5204.11448639243,5204.11448639243,5204.11448639243
MNXM735438[e],3424.29999953967,3424.29999953967,3424.29999953967,3424.29999953967,3424.29999953967
MNXM735978[e],7567.87613916681,7567.87613916681,7567.87613916681,7567.87613916681,7567.87613916681
MNXM736064[e],3607.22748732979,3607.22748732979,3607.22748732979,3607.22748732979,3607.22748732979
MNXM736072[e],0,0,0,0,0
MNXM736095[e],0,0,0,0,0
MNXM736134[e],0,0,0,0,0
MNXM736226[e],1000,1000,1000,1000,1000
MNXM736341[e],0,0,0,0,0
MNXM736417[e],6402.33796991118,6402.33796991118,6402.33796991118,6402.33796991118,6402.33796991118
MNXM736618[e],62.408060205191,62.408060205191,62.408060205191,62.408060205191,62.408060205191
MNXM736620[e],3.02098885125937e-12,3.02098885125937e-12,3.02098885125937e-12,3.02098885125937e-12,3.02098885125937e-12
MNXM736685[e],0,0,0,0,0
MNXM736797[e],0,0,0,0,0
MNXM737068[e],2952.31777775309,2952.31777775309,2952.31777775309,2952.31777775309,2952.31777775309
MNXM737265[e],2999.99999999905,2999.99999999905,2999.99999999905,2999.99999999905,2999.99999999905
MNXM737340[e],10230.8570983651,10230.8570983651,10230.8570983651,10230.8570983651,10230.8570983651
MNXM737414[e],1718.31307928089,1718.31307928089,1718.31307928089,1718.31307928089,1718.31307928089
MNXM737417[e],1718.31307928619,1718.31307928619,1718.31307928619,1718.31307928619,1718.31307928619
MNXM737489[e],1506.72454214979,1506.72454214979,1506.72454214979,1506.72454214979,1506.72454214979
MNXM737492[e],1999.99999999462,1999.99999999462,1999.99999999462,1999.99999999462,1999.99999999462
MNXM737603[e],0,0,0,0,0
MNXM737701[e],0,0,0,0,0
MNXM737787[e],9255.63135909717,9255.63135909717,9255.63135909717,9255.63135909717,9255.63135909717
MNXM737824[e],1.1864440429958e-12,1.1864440429958e-12,1.1864440429958e-12,1.1864440429958e-12,1.1864440429958e-12
MNXM737997[e],0,0,0,0,0
MNXM738068[e],4501.32647220168,4501.32647220168,4501.32647220168,4501.32647220168,4501.32647220168
MNXM738430[e],1999.99999999975,1999.99999999975,1999.99999999975,1999.99999999975,1999.99999999975
MNXM738432[e],0,0,0,0,0
MNXM738657[e],4.48197073850402e-13,4.48197073850402e-13,4.48197073850402e-13,4.48197073850402e-13,4.48197073850402e-13
MNXM738663[e],6.65623644741952e-13,6.65623644741952e-13,6.65623644741952e-13,6.65623644741952e-13,6.65623644741952e-13
MNXM738804[e],5241.72768971552,5241.72768971552,5241.72768971552,5241.72768971552,5241.72768971552
MNXM738834[e],2999.99999999999,2999.99999999999,2999.99999999999,2999.99999999999,2999.99999999999
MNXM739017[e],4.76161432309363e-12,4.76161432309363e-12,4.76161432309363e-12,4.76161432309363e-12,4.76161432309363e-12
MNXM739272[e],3000,3000,3000,3000,3000
MNXM739275[e],3060.69686863654,3060.69686863654,3060.69686863654,3060.69686863654,3060.69686863654
MNXM739463[e],9.5508311094293e-13,9.5508311094293e-13,9.5508311094293e-13,9.5508311094293e-13,9.5508311094293e-13
MNXM739527[e],9488.2487440615,9488.2487440615,9488.2487440615,9488.2487440615,9488.2487440615
MNXM739586[e],0,0,0,0,0
MNXM739592[e],5.33583007201542e-12,5.33583007201542e-12,5.33583007201542e-12,5.33583007201542e-12,5.33583007201542e-12
MNXM739756[e],2000,2000,2000,2000,2000
MNXM739788[e],0,0,0,0,0
MNXM739962[e],0,0,0,0,0
MNXM739991[e],1000.00000000254,1000.00000000254,1000.00000000254,1000.00000000254,1000.00000000254
MNXM739994[e],1.04446357098055e-12,1.04446357098055e-12,1.04446357098055e-12,1.04446357098055e-12,1.04446357098055e-12
MNXM739997[e],9.0793504719734e-13,9.0793504719734e-13,9.0793504719734e-13,9.0793504719734e-13,9.0793504719734e-13
MNXM740231[e],9.62895076186475e-13,9.62895076186475e-13,9.62895076186475e-13,9.62895076186475e-13,9.62895076186475e-13
MNXM741004[e],0,0,0,0,0
MNXM741014[e],2.99347133453771e-12,2.99347133453771e-12,2.99347133453771e-12,2.99347133453771e-12,2.99347133453771e-12
MNXM741016[e],1.26452258866368e-12,1.26452258866368e-12,1.26452258866368e-12,1.26452258866368e-12,1.26452258866368e-12
MNXM741019[e],1.6346411168462e-12,1.6346411168462e-12,1.6346411168462e-12,1.6346411168462e-12,1.6346411168462e-12
MNXM741173[e],6854.46490478931,6854.46490478931,6854.46490478931,6854.46490478931,6854.46490478931
MNXM741175[e],17778.7000812029,17778.7000812029,17778.7000812029,17778.7000812029,17778.7000812029
MNXM741553[e],4215.8454147536,4215.8454147536,4215.8454147536,4215.8454147536,4215.8454147536
MNXM741664[e],3288.03486055622,3288.03486055622,3288.03486055622,3288.03486055622,3288.03486055622
MNXM741693[e],0,0,0,0,0
MNXM745[e],0,0,0,0,0
MNXM75[e],8738.30851454581,8738.30851454581,8738.30851454581,8738.30851454581,8738.30851454581
MNXM750[e],0,0,0,0,0
MNXM76[e],4461.37954216222,4461.37954216222,4461.37954216222,4461.37954216222,4461.37954216222
MNXM761[e],0,0,0,0,0
MNXM765[e],1016.75806039337,1016.75806039337,1016.75806039337,1016.75806039337,1016.75806039337
MNXM78362[e],3.34255088027908e-12,3.34255088027908e-12,3.34255088027908e-12,3.34255088027908e-12,3.34255088027908e-12
MNXM821[e],7181.4433915443,7181.4433915443,7181.4433915443,7181.4433915443,7181.4433915443
MNXM8263[e],0,0,0,0,0
MNXM8372[e],0,0,0,0,0
MNXM83847[e],0,0,0,0,0
MNXM8664[e],0,0,0,0,0
MNXM8667[e],0,0,0,0,0
MNXM8670[e],0,0,0,0,0
MNXM87121[e],9.62345506019943e-13,9.62345506019943e-13,9.62345506019943e-13,9.62345506019943e-13,9.62345506019943e-13
MNXM880[e],0,0,0,0,0
MNXM8825[e],0,0,0,0,0
MNXM883[e],0,0,0,0,0
MNXM88338[e],1.00510741095558e-12,1.00510741095558e-12,1.00510741095558e-12,1.00510741095558e-12,1.00510741095558e-12
MNXM8868[e],0,0,0,0,0
MNXM889[e],0,0,0,0,0
MNXM89612[e],12027.9197480543,12027.9197480543,12027.9197480543,12027.9197480543,12027.9197480543
MNXM89661[e],0,0,0,0,0
MNXM89812[e],6283.5426763879,6283.5426763879,6283.5426763879,6283.5426763879,6283.5426763879
MNXM9[e],3925.27535663415,3925.27535663415,3925.27535663415,3925.27535663415,3925.27535663415
MNXM90[e],1081.51651652807,1081.51651652807,1081.51651652807,1081.51651652807,1081.51651652807
MNXM900[e],0,0,0,0,0
MNXM90126[e],1999.99999999504,1999.99999999504,1999.99999999504,1999.99999999504,1999.99999999504
MNXM90191[e],6832.58749133303,6832.58749133303,6832.58749133303,6832.58749133303,6832.58749133303
MNXM90509[e],5.59594253763036e-12,5.59594253763036e-12,5.59594253763036e-12,5.59594253763036e-12,5.59594253763036e-12
MNXM90510[e],6.1192151867584e-12,6.1192151867584e-12,6.1192151867584e-12,6.1192151867584e-12,6.1192151867584e-12
MNXM90511[e],4.02843324975514e-12,4.02843324975514e-12,4.02843324975514e-12,4.02843324975514e-12,4.02843324975514e-12
MNXM90512[e],3.38210626008157e-12,3.38210626008157e-12,3.38210626008157e-12,3.38210626008157e-12,3.38210626008157e-12
MNXM90827[e],0,0,0,0,0
MNXM90960[e],7636.92551911282,7636.92551911282,7636.92551911282,7636.92551911282,7636.92551911282
MNXM936[e],0,0,0,0,0
MNXM943[e],4.69619324460318e-13,4.69619324460318e-13,4.69619324460318e-13,4.69619324460318e-13,4.69619324460318e-13
MNXM95[e],19667.2134667542,19667.2134667542,19667.2134667542,19667.2134667542,19667.2134667542
MNXM963[e],1000.00000000227,1000.00000000227,1000.00000000227,1000.00000000227,1000.00000000227
MNXM97613[e],141.903653139687,141.903653139687,141.903653139687,141.903653139687,141.903653139687
WATER[e],11778.4017478839,11778.4017478839,11778.4017478839,11778.4017478839,11778.4017478839
MNXM6599[e],1.10004618211526e-12,1.10004618211526e-12,1.10004618211526e-12,1.10004618211526e-12,1.10004618211526e-12
MNXM6601[e],8.22331048757093e-13,8.22331048757093e-13,8.22331048757093e-13,8.22331048757093e-13,8.22331048757093e-13
MNXM32695[e],2.09953662594737e-13,2.09953662594737e-13,2.09953662594737e-13,2.09953662594737e-13,2.09953662594737e-13
MNXM6604[e],2.31703886483681e-13,2.31703886483681e-13,2.31703886483681e-13,2.31703886483681e-13,2.31703886483681e-13
MNXM6606[e],500.000000002719,500.000000002719,500.000000002719,500.000000002719,500.000000002719
MNXM1103432[e],1.12527209651858e-12,1.12527209651858e-12,1.12527209651858e-12,1.12527209651858e-12,1.12527209651858e-12
MNXM91047[e],2.83566093577835e-12,2.83566093577835e-12,2.83566093577835e-12,2.83566093577835e-12,2.83566093577835e-12
MNXM91053[e],4.56291027925203e-13,4.56291027925203e-13,4.56291027925203e-13,4.56291027925203e-13,4.56291027925203e-13
MNXM5078[e],9.01844412575169e-11,9.01844412575169e-11,9.01844412575169e-11,9.01844412575169e-11,9.01844412575169e-11
MNXM740794[e],1859.15653964323,1859.15653964323,1859.15653964323,1859.15653964323,1859.15653964323
MNXM7149[e],999.999999999918,999.999999999918,999.999999999918,999.999999999918,999.999999999918
MNXM736425[e],5.11911490495702e-11,5.11911490495702e-11,5.11911490495702e-11,5.11911490495702e-11,5.11911490495702e-11
MNXM736306[e],250.000000001343,250.000000001343,250.000000001343,250.000000001343,250.000000001343
MNXM5079[e],1999.99999999926,1999.99999999926,1999.99999999926,1999.99999999926,1999.99999999926
MNXM736311[e],999.999999999951,999.999999999951,999.999999999951,999.999999999951,999.999999999951
MNXM741021[e],5.6260660774512e-13,5.6260660774512e-13,5.6260660774512e-13,5.6260660774512e-13,5.6260660774512e-13
MNXM88342[e],3.59695319881009e-13,3.59695319881009e-13,3.59695319881009e-13,3.59695319881009e-13,3.59695319881009e-13
MNXM88341[e],3.32811800129325e-13,3.32811800129325e-13,3.32811800129325e-13,3.32811800129325e-13,3.32811800129325e-13
MNXM87122[e],9.62345506019943e-13,9.62345506019943e-13,9.62345506019943e-13,9.62345506019943e-13,9.62345506019943e-13
MNXM1843[e],0,0,0,0,0
MNXM1755[e],0,0,0,0,0
MNXM734837[e],0,0,0,0,0
MNXM1106995[e],0,0,0,0,0
MNXM162292[e],0,0,0,0,0
MNXM531925[e],0,0,0,0,0
MNXM146119[e],0,0,0,0,0
MNXM4939[e],2.15651637659816e-12,2.15651637659816e-12,2.15651637659816e-12,2.15651637659816e-12,2.15651637659816e-12
MNXM3774[e],1.92423938501445e-12,1.92423938501445e-12,1.92423938501445e-12,1.92423938501445e-12,1.92423938501445e-12
MNXM3150[e],0,0,0,0,0
MNXM1102189[e],0,0,0,0,0
MNXM3148[e],0,0,0,0,0
MNXM2182[e],0,0,0,0,0
MNXM2598[e],0,0,0,0,0
MNXM1102173[e],0,0,0,0,0
MNXM733912[e],0,0,0,0,0
MNXM2183[e],1000,1000,1000,1000,1000
MNXM34808[e],3.43766604858929e-12,3.43766604858929e-12,3.43766604858929e-12,3.43766604858929e-12,3.43766604858929e-12
MNXM3447[e],2.22472794201223e-12,2.22472794201223e-12,2.22472794201223e-12,2.22472794201223e-12,2.22472794201223e-12
MNXM34739[e],1.76957706270145e-12,1.76957706270145e-12,1.76957706270145e-12,1.76957706270145e-12,1.76957706270145e-12
MNXM582[e],999.999999999111,999.999999999111,999.999999999111,999.999999999111,999.999999999111
MNXM1091714[e],0,0,0,0,0
MNXM1091720[e],0,0,0,0,0
MNXM2074[e],0,0,0,0,0
MNXM722719[e],0,0,0,0,0
MNXM740330[e],3000.00000001318,3000.00000001318,3000.00000001318,3000.00000001318,3000.00000001318
MNXM732880[e],3057.78858189606,3057.78858189606,3057.78858189606,3057.78858189606,3057.78858189606
MNXM144[e],0,0,0,0,0
MNXM1104965[e],1556.22344460077,1556.22344460077,1556.22344460077,1556.22344460077,1556.22344460077
MNXM730562[e],0,0,0,0,0
MNXM147063[e],5.30765441524515e-09,5.30765441524515e-09,5.30765441524515e-09,5.30765441524515e-09,5.30765441524515e-09
MNXM737241[e],0,0,0,0,0
MNXM1092749[e],0,0,0,0,0
MNXM1108056[e],0,0,0,0,0
MNXM7343[e],0,0,0,0,0
MNXM1231[e],0,0,0,0,0
MNXM1021[e],0,0,0,0,0
MNXM11814[e],0,0,0,0,0
MNXM1104899[e],4.12915155131738e-12,4.12915155131738e-12,4.12915155131738e-12,4.12915155131738e-12,4.12915155131738e-12
MNXM1630[e],0,0,0,0,0
MNXM729132[e],0,0,0,0,0
MNXM3509[e],0,0,0,0,0
MNXM1106045[e],0,0,0,0,0
MNXM2245[e],0,0,0,0,0
MNXM46[e],0,0,0,0,0
MNXM235[e],0,0,0,0,0
MNXM1108339[e],0,0,0,0,0
MNXM1092468[e],0,0,0,0,0
MNXM1105063[e],3.06831545142133e-12,3.06831545142133e-12,3.06831545142133e-12,3.06831545142133e-12,3.06831545142133e-12
MNXM1093257[e],2.7820849939663e-12,2.7820849939663e-12,2.7820849939663e-12,2.7820849939663e-12,2.7820849939663e-12
MNXM1093258[e],1.53204518426569e-12,1.53204518426569e-12,1.53204518426569e-12,1.53204518426569e-12,1.53204518426569e-12
MNXM1094149[e],1.63114959415598e-12,1.63114959415598e-12,1.63114959415598e-12,1.63114959415598e-12,1.63114959415598e-12
MNXM1949[e],0,0,0,0,0
MNXM733031[e],0,0,0,0,0
MNXM1105965[e],0,0,0,0,0
MNXM1820[e],1000,1000,1000,1000,1000
cpd90008[e],0,0,0,0,0
MNXM1105934[e],0,0,0,0,0
MNXM166689[e],4319.94339221691,4319.94339221691,4319.94339221691,4319.94339221691,4319.94339221691
MNXM18754[e],4319.94339221691,4319.94339221691,4319.94339221691,4319.94339221691,4319.94339221691
MNXM83070[e],0,0,0,0,0
MNXM13761[e],0,0,0,0,0
cpd90020[e],0,0,0,0,0
MNXM15783[e],0,0,0,0,0
MNXM8264[e],0,0,0,0,0
MNXM55287[e],0,0,0,0,0
MNXM739791[e],0,0,0,0,0
MNXM55276[e],0,0,0,0,0
MNXM740896[e],0,0,0,0,0
MNXM729872[e],0,0,0,0,0
MNXM731366[e],0,0,0,0,0
MNXM126241[e],0,0,0,0,0
MNXM40495[e],0,0,0,0,0
MNXM40496[e],0,0,0,0,0
MNXM927[e],0,0,0,0,0
MNXM962[e],0,0,0,0,0
MNXM5461[e],1.65256744375724e-12,1.65256744375724e-12,1.65256744375724e-12,1.65256744375724e-12,1.65256744375724e-12
MNXM5490[e],1.2406550426333e-12,1.2406550426333e-12,1.2406550426333e-12,1.2406550426333e-12,1.2406550426333e-12
MNXM5464[e],1.35904008088234e-12,1.35904008088234e-12,1.35904008088234e-12,1.35904008088234e-12,1.35904008088234e-12
MNXM734080[e],0,0,0,0,0
MNXM7016[e],0,0,0,0,0
MNXM61843[e],0,0,0,0,0
MNXM1103302[e],0,0,0,0,0
MNXM1107694[e],6.02448716438967e-13,6.02448716438967e-13,6.02448716438967e-13,6.02448716438967e-13,6.02448716438967e-13
MNXM1107695[e],0,0,0,0,0
MNXM577[e],0,0,0,0,0
MNXM320[e],0,0,0,0,0
MNXM730078[e],2000,2000,2000,2000,2000
MNXM602[e],0,0,0,0,0
MNXM448[e],1057.16512991974,1057.16512991974,1057.16512991974,1057.16512991974,1057.16512991974
MNXM982[e],0,0,0,0,0
MNXM735208[e],999.999999999341,999.999999999341,999.999999999341,999.999999999341,999.999999999341
MNXM191[e],0,0,0,0,0
MNXM731953[e],0,0,0,0,0
MNXM232[e],0,0,0,0,0
MNXM731962[e],0,0,0,0,0
MNXM1094019[e],0,0,0,0,0
MNXM713[e],0,0,0,0,0
MNXM734847[e],0,0,0,0,0
MNXM1091697[e],0,0,0,0,0
MNXM1091698[e],0,0,0,0,0
MNXM1855[e],0,0,0,0,0
MNXM716[e],0,0,0,0,0
MNXM1091950[e],0,0,0,0,0
MNXM1092497[e],0,0,0,0,0
MNXM730[e],2000,2000,2000,2000,2000
MNXM727871[e],0,0,0,0,0
MNXM974[e],634.377642877288,634.377642877288,634.377642877288,634.377642877288,634.377642877288
MNXM1092591[e],0,0,0,0,0
MNXM1092592[e],0,0,0,0,0
MNXM1092593[e],0,0,0,0,0
MNXM1092594[e],0,0,0,0,0
MNXM730508[e],0,0,0,0,0
MNXM10816[e],0,0,0,0,0
MNXM1092595[e],0,0,0,0,0
MNXM1467[e],1999.99999999975,1999.99999999975,1999.99999999975,1999.99999999975,1999.99999999975
MNXM935[e],0,0,0,0,0
MNXM1092967[e],2.71518547987122e-13,2.71518547987122e-13,2.71518547987122e-13,2.71518547987122e-13,2.71518547987122e-13
MNXM376[e],4000,4000,4000,4000,4000
MNXM1103335[e],2987.45005771259,2987.45005771259,2987.45005771259,2987.45005771259,2987.45005771259
MNXM730319[e],0,0,0,0,0
MNXM1106105[e],0,0,0,0,0
MNXM2555[e],0,0,0,0,0
MNXM1094076[e],2.71518547987122e-13,2.71518547987122e-13,2.71518547987122e-13,2.71518547987122e-13,2.71518547987122e-13
MNXM1871[e],0,0,0,0,0
MNXM1137672[e],0,0,0,0,0
MNXM738927[e],0,0,0,0,0
MNXM733643[e],0,0,0,0,0
MNXM732758[e],2000,2000,2000,2000,2000
MNXM4940[e],1.68498532628827e-12,1.68498532628827e-12,1.68498532628827e-12,1.68498532628827e-12,1.68498532628827e-12
MNXM3450[e],1.84881353469355e-12,1.84881353469355e-12,1.84881353469355e-12,1.84881353469355e-12,1.84881353469355e-12
MNXM3452[e],2.36122072125426e-12,2.36122072125426e-12,2.36122072125426e-12,2.36122072125426e-12,2.36122072125426e-12
MNXM1091957[e],0,0,0,0,0
MNXM1106047[e],0,0,0,0,0
MNXM4428[e],0,0,0,0,0
MNXM60[e],702.795781613912,702.795781613912,702.795781613912,702.795781613912,702.795781613912
MNXM731896[e],0,0,0,0,0
MNXM440[e],0,0,0,0,0
MNXM1092896[e],0,0,0,0,0
MNXM732961[e],0,0,0,0,0
MNXM145882[e],0,0,0,0,0
MNXM1742[e],0,0,0,0,0
MNXM146567[e],0,0,0,0,0
MNXM146568[e],0,0,0,0,0
MNXM146569[e],0,0,0,0,0
MNXM146570[e],0,0,0,0,0
MNXM1093220[e],0,0,0,0,0
MNXM41339[e],0,0,0,0,0
MNXM732732[e],0,0,0,0,0
MNXM1104823[e],0,0,0,0,0
MNXM419[e],0,0,0,0,0
MNXM146654[e],0,0,0,0,0
MNXM732865[e],0,0,0,0,0
MNXM727182[e],0,0,0,0,0
MNXM729727[e],0,0,0,0,0
MNXM735592[e],0,0,0,0,0
MNXM1103965[e],28.3105401744137,28.3105401744137,28.3105401744137,28.3105401744137,28.3105401744137
MNXM94643[e],0,0,0,0,0
MNXM738271[e],0,0,0,0,0
cpd90021[e],0,0,0,0,0
cpd90022[e],0,0,0,0,0
MNXM159[e],1999.99999999993,1999.99999999993,1999.99999999993,1999.99999999993,1999.99999999993
MNXM1091974[e],0,0,0,0,0
MNXM727224[e],0,0,0,0,0
MNXM496[e],2000,2000,2000,2000,2000
MNXM146230[e],0,0,0,0,0
MNXM146623[e],0,0,0,0,0
MNXM11432[e],0,0,0,0,0
MNXM2705[e],0,0,0,0,0
MNXM310[e],0,0,0,0,0
MNXM371[e],0,0,0,0,0
MNXM8718[e],0,0,0,0,0
MNXM792[e],0,0,0,0,0
MNXM464[e],0,0,0,0,0
MNXM1092863[e],0,0,0,0,0
MNXM65054[e],0,0,0,0,0
MNXM1104738[e],0,0,0,0,0
MNXM4998[e],0,0,0,0,0
MNXM2604[e],0,0,0,0,0
MNXM1018[e],0,0,0,0,0
MNXM734590[e],1000,1000,1000,1000,1000
MNXM4641[e],0,0,0,0,0
MNXM1499[e],1000.00000000003,1000.00000000003,1000.00000000003,1000.00000000003,1000.00000000003
MNXM1106046[e],0,0,0,0,0
MNXM573[e],0,0,0,0,0
MNXM1093065[e],0,0,0,0,0
MNXM736788[e],0,0,0,0,0
MNXM2690[e],0,0,0,0,0
MNXM1091853[e],0,0,0,0,0
MNXM147036[e],0,0,0,0,0
MNXM2757[e],0,0,0,0,0
MNXM1106057[e],0,0,0,0,0
MNXM734566[e],0,0,0,0,0
MNXM7948[e],1000,1000,1000,1000,1000
MNXM1094283[e],0,0,0,0,0
MNXM172[e],0,0,0,0,0
MNXM315[e],0,0,0,0,0
MNXM146250[e],0,0,0,0,0
MNXM1092463[e],0,0,0,0,0
MNXM1092455[e],0,0,0,0,0
MNXM562[e],0,0,0,0,0
MNXM1092731[e],0,0,0,0,0
MNXM726752[e],0,0,0,0,0
cpd90003[e],0,0,0,0,0
MNXM731177[e],0,0,0,0,0
MNXM729615[e],0,0,0,0,0
MNXM1410[e],0,0,0,0,0
MNXM146530[e],0,0,0,0,0
MNXM146529[e],0,0,0,0,0
MNXM1106798[e],0,0,0,0,0
MNXM741545[e],0,0,0,0,0
